単語,観点,関連語
気候変動,背景 (事柄/事象/現象/自然/生物/社会活動/産業/物質/天候),"気温,  温室効果ガス,  化石燃料,  森林伐採,  海面上昇,  気候変動,  大気汚染,  破壊的開発,  過剰消費,  土地利用変化"
気候変動,課題 (事柄/事象/現象/人体・生理・病気/自然/生物/生活/社会活動/組織/産業/制度),"気温上昇,  化石燃料,  海面上昇,  温室効果ガス,  森林伐採,  水資源,  異常気象,  再生可能エネルギー,  持続可能な開発,  経済影響"
気候変動,影響 (事柄/事象/現象/自然/生物/社会活動/産業/物質/天候),"気候変動,  影響,  事柄,  事象,  現象,  自然,  生物,  社会活動,  産業,  物質,  天候"
気候変動,対策 (事柄/事象/現象/自然/物質/社会活動/産業/組織/制度/生活/人造物),"気候変動,  温室効果ガス,  再生可能エネルギー,  持続可能性,  バイオ燃料,  森林保護,  カーボンオフセット,  持続可能な開発,  気候変動適応策,  温暖化"
地球温暖化,背景 (事柄/事象/現象/自然/生物/社会活動/産業/物質/天候),"地球温暖化, 排出, 二酸化炭素, 森林伐採, 化石燃料, 大気汚染, 過剰消費, 海面上昇, 極端気候, 再生可能energies."
地球温暖化,課題 (事柄/事象/現象/人体・生理・病気/自然/生物/生活/社会活動/組織/産業/制度),"気候変動,  温室効果ガス,  森林伐採,  氷河,  海面上昇,  水資源,  持続可能性,  環境保護,  再生可能エネルギー,  持続可能な開発"
地球温暖化,影響 (事柄/事象/現象/自然/生物/社会活動/産業/物質/天候),"地球温暖化,  気候変動,  湿度,  森林伐採,  海面上昇,  異常気象,  二酸化炭素排出,  氷河の融解,  生態系の変化,  熱波"
地球温暖化,対策 (事柄/事象/現象/自然/物質/社会活動/産業/組織/制度/生活/人造物),"地球温暖化,  CO2排出,  森林保護,  再生可能エネルギー,  持続可能性,  パリ協定,  グリーンテクノロジー,  環境保護,  カーボンオフセット,  プラスチック削減"
異常気象,背景 (事柄/事象/現象/自然/生物/社会活動/産業/物質/天候),"異常気象, 気候変動, 温室効果ガス, 森林破壊, 海洋汚染, 都市化, 工業活動, 排気ガス, 二酸化炭素, 極端気象"
異常気象,課題 (事柄/事象/現象/人体・生理・病気/自然/生物/生活/社会活動/組織/産業/制度),"気候変動,  暴風雨,  干ばつ,  洪水,  熱波,  降雪,  台風,  地球温暖化,  雹,  雷雨"
異常気象,影響 (事柄/事象/現象/自然/生物/社会活動/産業/物質/天候),"異常気象の影響, 事柄,  事象,  現象,  自然,  生物,  社会活動,  産業,  物質,  天候, 洪水,  干ばつ,  雹,  嵐,  温暖化,  降雪,  土砂崩れ,  雷,  高温,  強風"
異常気象,対策 (事柄/事象/現象/自然/物質/社会活動/産業/組織/制度/生活/人造物),"気候変動,  温暖化,  気象災害,  持続可能性,  再生可能エネルギー,  防災対策,  リサイクル,  カーボンオフセット,  海面上昇,  森林保護"
温室効果ガス,背景 (事柄/事象/現象/自然/生物/社会活動/産業/物質/天候),"温室効果ガス, 気候変動, 化石燃料, 森林伐採, 排出量, 地球温暖化, 再生可能エネルギー, 二酸化炭素, メタン, 排気ガス"
温室効果ガス,課題 (事柄/事象/現象/人体・生理・病気/自然/生物/生活/社会活動/組織/産業/制度),"温室効果ガス,  地球温暖化,  化石燃料,  森林伐採,  再生可能エネルギー,  カーボンニュートラル,  持続可能性,  パリ協定,  気候変動,  環境保護"
温室効果ガス,影響 (事柄/事象/現象/自然/生物/社会活動/産業/物質/天候),"温室効果ガス, 気候変動, 二酸化炭素, メタン, ナイトロゲン酸化物, 森林破壊, 海面上昇, 極端な天候, 持続可能性, 再生可能エネルギー"
温室効果ガス,対策 (事柄/事象/現象/自然/物質/社会活動/産業/組織/制度/生活/人造物),"温室効果ガス,  地球温暖化,  再生可能エネルギー,  カーボンオフセット,  持続可能性,  森林保護,  グリーンテクノロジー,  エコロジカルフットプリント,  パリ協定,  環境保護"
二酸化炭素,背景 (事柄/事象/現象/自然/生物/社会活動/産業/物質/天候),"気候変動,  化石燃料,  森林伐採,  工業活動,  自動車排ガス,  地球温暖化,  エネルギー消費,  海洋酸性化,  温室効果ガス,  大気汚染"
二酸化炭素,課題 (事柄/事象/現象/人体・生理・病気/自然/生物/生活/社会活動/組織/産業/制度),"環境,  温室効果ガス,  地球温暖化,  大気,  森林,  廃棄物,  エネルギー,  自然災害,  持続可能性,  気候変動"
二酸化炭素,影響 (事柄/事象/現象/自然/生物/社会活動/産業/物質/天候),"影響,  温室効果,  気候変動,  大気汚染,  化石燃料,  水質,  森林減少,  海洋酸性化,  農業生産,  災害リスク"
二酸化炭素,対策 (事柄/事象/現象/自然/物質/社会活動/産業/組織/制度/生活/人造物),"地球温暖化,  気候変動,  温室効果ガス,  再生可能エネルギー,  持続可能性,  カーボンニュートラル,  環境保護,  グリーンテクノロジー,  エコロジカルフットプリント,  クリーンエネルギー"
CO2,背景 (事柄/事象/現象/自然/生物/社会活動/産業/物質/天候),"自然,  大気,  循環,  森林,  温室効果,  化石燃料,  地球温暖化,  放出源,  吸収,  気候変動"
CO2,課題 (事柄/事象/現象/人体・生理・病気/自然/生物/生活/社会活動/組織/産業/制度),"化石燃料,  気候変動,  森林破壊,  グリーンハウスガス,  持続可能性,  カーボンオフセット,  環境保護,  再生可能エネルギー,  地球温暖化,  脱炭素化"
CO2,影響 (事柄/事象/現象/自然/生物/社会活動/産業/物質/天候),"気候変動,  温室効果ガス,  気温上昇,  海水準上昇,  森林破壊,  水資源,  食糧生産,  自然災害,  持続可能性,  グリーンエネルギー"
CO2,対策 (事柄/事象/現象/自然/物質/社会活動/産業/組織/制度/生活/人造物),"温室効果ガス,  再生可能エネルギー,  持続可能性,  森林保護,  カーボンニュートラル,  グリーンテクノロジー,  エコフレンドリー,  ローカルフード,  ライフサイクル評価,  炭素税"
炭素排出,背景 (事柄/事象/現象/自然/生物/社会活動/産業/物質/天候),"事柄,  事象,  現象,  自然,  生物,  社会活動,  産業,  物質,  天候  "
炭素排出,課題 (事柄/事象/現象/人体・生理・病気/自然/生物/生活/社会活動/組織/産業/制度),"二酸化炭素,  温室効果ガス,  気候変動,  持続可能性,  再生可能エネルギー,  カーボンニュートラル,  バイオマス,  エコロジカルフットプリント,  グリーンテクノロジー,  サステナビリティ"
炭素排出,影響 (事柄/事象/現象/自然/生物/社会活動/産業/物質/天候),"炭素,  排出,  影響,  環境,  気候変動,  持続可能,  温室効果ガス,  地球温暖化,  再生可能エネルギー,  持続可能な開発"
炭素排出,対策 (事柄/事象/現象/自然/物質/社会活動/産業/組織/制度/生活/人造物),"温室効果ガス,  再生可能エネルギー,  グリーンテクノロジー,  カーボンオフセット,  ゼロエミッション,  バイオマスエネルギー,  エネルギー効率,  カーボンニュートラル,  持続可能性,  ローカルフード"
カーボンニュートラル,背景 (事柄/事象/現象/自然/生物/社会活動/産業/物質/天候),炭素排出、再生可能エネルギー、持続可能性、森林保護、二酸化炭素吸収、廃棄物削減、エコロジカルフットプリント、循環型経済、気候変動適応、再生可能資源
カーボンニュートラル,課題 (事柄/事象/現象/人体・生理・病気/自然/生物/生活/社会活動/組織/産業/制度),"気候変動,  温室効果ガス,  再生可能エネルギー,  持続可能性,  エコロジー,  バイオマス,  持続可能な開発,  循環経済,  グリーンテクノロジー,  環境負荷"
カーボンニュートラル,影響 (事柄/事象/現象/自然/生物/社会活動/産業/物質/天候),"カーボン,  ニュートラル,  影響,  環境,  グリーン,  エネルギー,  持続可能,  温室効果ガス,  再生可能,  排出量"
カーボンニュートラル,対策 (事柄/事象/現象/自然/物質/社会活動/産業/組織/制度/生活/人造物),"温室効果ガス,  再生可能エネルギー,  持続可能性,  循環経済,  森林保護,  グリーンテクノロジー,  炭素オフセット,  グリーンビルディング,  ローカルフード,  プラントベース"
脱炭素,背景 (事柄/事象/現象/自然/生物/社会活動/産業/物質/天候),"気候変動,  温室効果ガス,  再生可能エネルギー,  持続可能性,  パリ協定,  持続可能な開発目標,  カーボンニュートラル,  持続可能な消費,  再生可能資源,  削減目標"
脱炭素,課題 (事柄/事象/現象/人体・生理・病気/自然/生物/生活/社会活動/組織/産業/制度),"再生可能エネルギー,  温室効果ガス,  カーボンニュートラル,  持続可能性,  レジリエンス,  カーボンオフセット,  サーキュラーエコノミー,  ゼロエミッション,  グリーンテクノロジー,  持続可能な開発"
脱炭素,影響 (事柄/事象/現象/自然/生物/社会活動/産業/物質/天候),"事柄, 事象, 現象, 自然, 生物, 社会活動, 産業, 物質, 天候, 再生可能エネルギー, CO2排出削減, 気候変動, 植物, 森林保護, 持続可能な開発, 再利用, バイオディーゼル, 環境汚染, 温室効果ガス"
脱炭素,対策 (事柄/事象/現象/自然/物質/社会活動/産業/組織/制度/生活/人造物),"温室効果ガス,  再生可能エネルギー,  グリーンテクノロジー,  持続可能性,  カーボンニュートラル,  レジリエンス,  バイオマス,  カーボンオフセット,  ゼロエミッション,  エコロジカルデザイン"
カーボンオフセット,背景 (事柄/事象/現象/自然/生物/社会活動/産業/物質/天候),"CO2,  森林,  温室効果ガス,  地球温暖化,  持続可能性,  再生可能エネルギー,  炭素排出,  グリーンハウス効果,  バイオマス,  持続可能な開発"
カーボンオフセット,課題 (事柄/事象/現象/人体・生理・病気/自然/生物/生活/社会活動/組織/産業/制度),排出量、再生可能エネルギー、森林保護、エコロジカルフットプリント、循環経済、持続可能性、二酸化炭素吸収、温室効果ガス、気候変動、環境保護
カーボンオフセット,影響 (事柄/事象/現象/自然/生物/社会活動/産業/物質/天候),"カーボン,  オフセット,  環境,  温室効果ガス,  持続可能性,  森林,  脱炭素,  再生可能エネルギー,  責任,  パリ協定"
カーボンオフセット,対策 (事柄/事象/現象/自然/物質/社会活動/産業/組織/制度/生活/人造物),"排出量削減,  持続可能性,  気候変動,  再生可能エネルギー,  森林保護,  循環経済,  グリーンテクノロジー,  グリーンビルディング,  二酸化炭素吸収,  持続可能な消費"
炭素税,背景 (事柄/事象/現象/自然/生物/社会活動/産業/物質/天候),"炭素,  環境,  温室効果ガス,  気候変動,  エネルギー,  二酸化炭素,  持続可能性,  Fossil Fuel,  森林伐採,  温暖化"
炭素税,課題 (事柄/事象/現象/人体・生理・病気/自然/生物/生活/社会活動/組織/産業/制度),排出、温室効果ガス、気候変動、持続可能性、二酸化炭素、再生可能エネルギー、環境保護、持続可能な開発、国際協力、地球温暖化
炭素税,影響 (事柄/事象/現象/自然/生物/社会活動/産業/物質/天候),"炭素排出,  温室効果ガス,  気候変動,  再生可能エネルギー,  持続可能性,  森林伐採,  環境保護,  カーボンニュートラル,  グリーンテクノロジー,  クリーンエネルギー"
炭素税,対策 (事柄/事象/現象/自然/物質/社会活動/産業/組織/制度/生活/人造物),"炭素排出,  再生可能エネルギー,  持続可能性,  グリーンテクノロジー,  脱炭素化,  カーボンフットプリント,  クリーンエネルギー,  グリーンハウス効果,  持続可能な開発,  再生可能エネルギー源"
パリ協定,背景 (事柄/事象/現象/自然/生物/社会活動/産業/物質/天候),"事柄,  事象,  現象,  自然,  生物,  社会活動,  産業,  物質,  天候"
パリ協定,課題 (事柄/事象/現象/人体・生理・病気/自然/生物/生活/社会活動/組織/産業/制度),"気候変動,  温室効果ガス,  持続可能性,  温暖化,  環境保護,  二酸化炭素排出,  再生可能エネルギー,  持続可能な開発,  森林伐採,  気候変動適応"
パリ協定,影響 (事柄/事象/現象/自然/生物/社会活動/産業/物質/天候),"事柄,  事象,  現象,  自然,  生物,  社会活動,  産業,  物質,  天候"
パリ協定,対策 (事柄/事象/現象/自然/物質/社会活動/産業/組織/制度/生活/人造物),"排出削減,  持続可能,  再生可能エネルギー,  森林保護,  気候変動,  環境保護,  持続可能な開発,  削減目標,  カーボンニュートラル,  気候変動適応"
IPCC,背景 (事柄/事象/現象/自然/生物/社会活動/産業/物質/天候),"気候変動,  温室効果ガス,  気温上昇,  氷河の溶解,  水位上昇,  極端な気象,  洪水,  干ばつ,  森林伐採,  適応策"
IPCC,課題 (事柄/事象/現象/人体・生理・病気/自然/生物/生活/社会活動/組織/産業/制度),"気候変動,  温室効果ガス,  持続可能性,  海面上昇,  環境保護,  森林伐採,  地球温暖化,  災害リスク,  持続可能な開発,  再生可能エネルギー"
IPCC,影響 (事柄/事象/現象/自然/生物/社会活動/産業/物質/天候),"気候変動,  二酸化炭素,  海面上昇,  氷河,  乾季,  洪水,  森林伐採,  水資源,  農業,  持続可能"
IPCC,対策 (事柄/事象/現象/自然/物質/社会活動/産業/組織/制度/生活/人造物),"気候変動,  温室効果ガス,  持続可能性,  再生可能エネルギー,  森林保護,  削減目標,  緩和策,  適応策,  カーボンオフセット,  エコロジカルフットプリント"
気候危機,背景 (事柄/事象/現象/自然/生物/社会活動/産業/物質/天候),"気候変動,  温室効果ガス,  化石燃料,  森林破壊,  海洋酸性化,  過剰消費,  大気汚染,  過剰開発,  経済成長,  持続可能"
気候危機,課題 (事柄/事象/現象/人体・生理・病気/自然/生物/生活/社会活動/組織/産業/制度),"気候変動,  温室効果ガス,  持続可能性,  海面上昇,  森林破壊,  絶滅危惧種,  再生可能エネルギー,  持続可能な開発,  環境保護,  持続可能な農業"
気候危機,影響 (事柄/事象/現象/自然/生物/社会活動/産業/物質/天候),"気温,  気候変動,  二酸化炭素,  森林破壊,  海面上昇,  異常気象,  干ばつ,  洪水,  森林火災,  水資源"
気候危機,対策 (事柄/事象/現象/自然/物質/社会活動/産業/組織/制度/生活/人造物),"気候変動,  温室効果ガス,  再生可能エネルギー,  持続可能性,  生態系,  森林保護,  経済的援助,  環境規制,  グリーンテクノロジー,  カーボンオフセット"
気温上昇,背景 (事柄/事象/現象/自然/生物/社会活動/産業/物質/天候),"気候変動,  温室効果ガス,  化石燃料,  森林伐採,  工業化,  雨量変化,  都市化,  自動車排ガス,  海洋温暖化,  地球温暖化"
気温上昇,課題 (事柄/事象/現象/人体・生理・病気/自然/生物/生活/社会活動/組織/産業/制度),"気候変動,  熱中症,  温室効果ガス,  災害,  森林破壊,  ヒートアイランド現象,  農作物,  水不足,  エネルギー消費,  地球温暖化"
気温上昇,影響 (事柄/事象/現象/自然/生物/社会活動/産業/物質/天候),"気候変動,  農作物,  海面上昇,  森林火災,  経済影響,  熱中症,  水不足,  エネルギー消費,  化石燃料,  自然災害"
気温上昇,対策 (事柄/事象/現象/自然/物質/社会活動/産業/組織/制度/生活/人造物),"気候変動,  温室効果ガス,  再生可能エネルギー,  持続可能性,  リサイクル,  エネルギー効率,  森林保護,  環境保護,  CO2削減,  グリーンテクノロジー"
海面上昇,背景 (事柄/事象/現象/自然/生物/社会活動/産業/物質/天候),"気候変動,  溶存酸素,  海洋酸性化,  氷床融解,  水温上昇,  森林伐採,  都市開発,  二酸化炭素排出,  海洋汚染,  過剰漁獲"
海面上昇,課題 (事柄/事象/現象/人体・生理・病気/自然/生物/生活/社会活動/組織/産業/制度),"海面上昇,  気候変動,  沿岸浸食,  海岸保全,  津波,  地球温暖化,  建築基準,  都市浸水,  環境移住,  海洋汚染"
海面上昇,影響 (事柄/事象/現象/自然/生物/社会活動/産業/物質/天候),"影響,  海面上昇,  洪水,  浸水,  食糧安全保障,  防潮堤,  海岸侵食,  住宅建設,  避難計画,  災害リスク管理"
海面上昇,対策 (事柄/事象/現象/自然/物質/社会活動/産業/組織/制度/生活/人造物),"海岸,  防波堤,  インフラ整備,  災害予防,  環境保護,  防災対策,  海抜,  避難計画,  堤防,  危険区域"
氷河融解,背景 (事柄/事象/現象/自然/生物/社会活動/産業/物質/天候),"気候変動,  温室効果ガス,  海面上昇,  気温上昇,  氷床,  地球温暖化,  火山活動,  水温上昇,  降雪量減少,  地殻変動"
氷河融解,課題 (事柄/事象/現象/人体・生理・病気/自然/生物/生活/社会活動/組織/産業/制度),"氷河,  融解,  地球温暖化,  海面上昇,  水源,  生態系,  水不足,  災害,  食料供給,  気候変動"
氷河融解,影響 (事柄/事象/現象/自然/生物/社会活動/産業/物質/天候),"気候変動,  海面上昇,  生態系,  洪水,  低地,  水資源,  水温,  食糧安全保障,  災害リスク,  北極圏"
氷河融解,対策 (事柄/事象/現象/自然/物質/社会活動/産業/組織/制度/生活/人造物),"気候変動,  温室効果ガス,  持続可能性,  再生可能エネルギー,  森林保護,  海洋保護,  水資源管理,  地球温暖化,  環境保護法,  グリーンテクノロジー"
干ばつ,背景 (事柄/事象/現象/自然/生物/社会活動/産業/物質/天候),"乾燥,  降水量,  農作物,  土壌,  洪水,  湿度,  灌漑,  水不足,  蒸発,  森林"
干ばつ,課題 (事柄/事象/現象/人体・生理・病気/自然/生物/生活/社会活動/組織/産業/制度),乾燥、水不足、作物、灌漑、乾燥地帯、降水量、農業、飲料水、気候変動、飢饉
干ばつ,影響 (事柄/事象/現象/自然/生物/社会活動/産業/物質/天候),"自然,  農業,  作物,  飲料水,  経済,  飢饉,  灌漑,  水不足,  乾燥地,  食料安全"
干ばつ,対策 (事柄/事象/現象/自然/物質/社会活動/産業/組織/制度/生活/人造物),"水不足,  農業,  灌漑,  井戸,  雨水利用,  蓄水,  乾燥地,  枯れる,  食料危機,  水制限"
熱波,背景 (事柄/事象/現象/自然/生物/社会活動/産業/物質/天候),"気候,  地球温暖化,  湿度,  風,  太陽,  熱中症,  森林火災,  健康リスク,  灼熱,  農作物"
熱波,課題 (事柄/事象/現象/人体・生理・病気/自然/生物/生活/社会活動/組織/産業/制度),"熱中症,  暑さ対策,  高温注意報,  涼をとる,  水分補給,  熱中症対策,  熱中症予防,  高温多湿,  熱中症警戒,  灼熱"
熱波,影響 (事柄/事象/現象/自然/生物/社会活動/産業/物質/天候),"熱中症,  夏,  保冷剤,  こまめな水分補給,  熱中症予防,  高温注意報,  日傘,  エアコン,  熱中症対策,  汗袋"
熱波,対策 (事柄/事象/現象/自然/物質/社会活動/産業/組織/制度/生活/人造物),"冷房,  保冷剤,  通気性,  日傘,  エアコン,  日陰,  水分補給,  熱中症,  日除け,  室内温度"
豪雨,背景 (事柄/事象/現象/自然/生物/社会活動/産業/物質/天候),"洪水,  雷雨,  土砂崩れ,  避難,  浸水,  洪水警報,  突風,  落雷,  雨量,  堤防"
豪雨,課題 (事柄/事象/現象/人体・生理・病気/自然/生物/生活/社会活動/組織/産業/制度),"洪水,  土砂災害,  避難指示,  浸水,  災害対策,  河川,  警報,  地盤,  浄水場,  救助活動"
豪雨,影響 (事柄/事象/現象/自然/生物/社会活動/産業/物質/天候),"豪雨,  洪水,  土砂崩れ,  避難,  浸水,  被害,  堤防,  緊急避難,  警報,  浸水被害"
豪雨,対策 (事柄/事象/現象/自然/物質/社会活動/産業/組織/制度/生活/人造物),"豪雨,  洪水,  避難,  防災,  雷,  土砂災害,  安全確保,  災害対策,  備え,  警報"
台風,背景 (事柄/事象/現象/自然/生物/社会活動/産業/物質/天候),"台風,  風速,  雨量,  高気圧,  海面温度,  湿度,  進路予想,  避難勧告,  被害状況,  防災措置"
台風,課題 (事柄/事象/現象/人体・生理・病気/自然/生物/生活/社会活動/組織/産業/制度),"風速,  雨量,  避難勧告,  浸水,  停電,  被害状況,  防災対策,  災害対応,  警報,  被災地"
台風,影響 (事柄/事象/現象/自然/生物/社会活動/産業/物質/天候),"台風,  雨,  風速,  警報,  被害,  安全,  避難,  倒木,  浸水,  閉鎖"
台風,対策 (事柄/事象/現象/自然/物質/社会活動/産業/組織/制度/生活/人造物),"台風,  防災,  避難,  警報,  風速,  浸水,  被害,  緊急,  集中豪雨,  強風"
森林火災,背景 (事柄/事象/現象/自然/生物/社会活動/産業/物質/天候),"森林,  火災,  乾燥,  火気,  火災警戒,  風,  人為,  森林管理,  保安,  森林破壊"
森林火災,課題 (事柄/事象/現象/人体・生理・病気/自然/生物/生活/社会活動/組織/産業/制度),"森林,  火災,  防災,  予防,  森林管理,  火の取り扱い,  監視,  発生源,  乾燥,  風向き"
森林火災,影響 (事柄/事象/現象/自然/生物/社会活動/産業/物質/天候),"森林火災,  火災対策,  森林保護,  環境破壊,  空気品質,  避難指示,  防火帯,  乾燥地帯,  燃焼,  熱帯雨林"
森林火災,対策 (事柄/事象/現象/自然/物質/社会活動/産業/組織/制度/生活/人造物),"森林,  火災,  対策,  予防,  消火,  監視,  警戒,  防火帯,  火の取り扱い,  訓練"
気候災害,背景 (事柄/事象/現象/自然/生物/社会活動/産業/物質/天候),"気候変動,  極端気象,  災害リスク,  地球温暖化,  降水量,  風速,  海面上昇,  乾燥,  洪水,  適応策"
気候災害,課題 (事柄/事象/現象/人体・生理・病気/自然/生物/生活/社会活動/組織/産業/制度),"気候変動,  集中豪雨,  高温,  干ばつ,  地球温暖化,  洪水,  酷暑,  風水害,  豪雨,  突風"
気候災害,影響 (事柄/事象/現象/自然/生物/社会活動/産業/物質/天候),"気候変動,  洪水,  干ばつ,  嵐,  地震,  降雪,  高温,  風速,  海面上昇,  避難"
気候災害,対策 (事柄/事象/現象/自然/物質/社会活動/産業/組織/制度/生活/人造物),"気候変動,  防災,  持続可能性,  緊急事態,  適応,  予測,  温室効果ガス,  避難計画,  防災訓練,  復旧"
気候正義,背景 (事柄/事象/現象/自然/生物/社会活動/産業/物質/天候),"気候変動,  化石燃料,  持続可能性,  森林破壊,  水資源,  再生可能エネルギー,  工業活動,  海面上昇,  炭素排出,  環境正義"
気候正義,課題 (事柄/事象/現象/人体・生理・病気/自然/生物/生活/社会活動/組織/産業/制度),"気候変動,  温室効果ガス,  持続可能性,  飢餓,  森林伐採,  経済格差,  海面上昇,  緑の経済,  再生可能エネルギー,  災害対策"
気候正義,影響 (事柄/事象/現象/自然/生物/社会活動/産業/物質/天候),"気候変動,  温室効果ガス,  雨量変動,  現地性,  持続可能性,  経済格差,  森林破壊,  海面上昇,  食糧安全保障,  災害リスク"
気候正義,対策 (事柄/事象/現象/自然/物質/社会活動/産業/組織/制度/生活/人造物),"気候変動,  再生可能エネルギー,  持続可能性,  カーボンニュートラル,  パリ協定,  森林保護,  廃棄物削減,  再利用,  環境保護,  グリーンテクノロジー"
気候難民,背景 (事柄/事象/現象/自然/生物/社会活動/産業/物質/天候),"気候変動,  災害,  飢饉,  海面上昇,  異常気象,  温暖化,  干ばつ,  森林破壊,  水資源枯渇,  農業被害"
気候難民,課題 (事柄/事象/現象/人体・生理・病気/自然/生物/生活/社会活動/組織/産業/制度),"気候変動,  移住,  飢餓,  水不足,  災害,  避難,  農業,  経済,  安全保障,  救援"
気候難民,影響 (事柄/事象/現象/自然/生物/社会活動/産業/物質/天候),"影響,  移住,  食糧不足,  災害,  飲料水,  砂漠化,  都市化,  紛争,  資源競争,  環境変動"
気候難民,対策 (事柄/事象/現象/自然/物質/社会活動/産業/組織/制度/生活/人造物),"気候変動,  避難,  移住,  食糧安全保障,  災害リスク,  予防措置,  住居整備,  農業多様化,  国際協力,  適応策"
自然災害,背景 (事柄/事象/現象/自然/生物/社会活動/産業/物質/天候),"事柄,  事象,  現象,  自然,  生物,  社会活動,  産業,  物質,  天候"
自然災害,課題 (事柄/事象/現象/人体・生理・病気/自然/生物/生活/社会活動/組織/産業/制度),"洪水,  地震,  嵐,  津波,  土砂崩れ,  避難,  被害,  復旧,  防災,  遺体"
自然災害,影響 (事柄/事象/現象/自然/生物/社会活動/産業/物質/天候),"事柄,  事象,  現象,  自然,  生物,  社会活動,  産業,  物質,  天候"
自然災害,対策 (事柄/事象/現象/自然/物質/社会活動/産業/組織/制度/生活/人造物),"被害,  防災,  避難,  警報,  備え,  危険,  予防,  被災地,  避難所,  復旧"
気候モデル,背景 (事柄/事象/現象/自然/生物/社会活動/産業/物質/天候),"気候モデル,  熱帯低気圧,  宇宙線,  インフラストラクチャー,  潮汐,  二酸化炭素,  農業,  湿潤度,  水循環,  極地風"
気候モデル,課題 (事柄/事象/現象/人体・生理・病気/自然/生物/生活/社会活動/組織/産業/制度),"気候変動,  温暖化,  二酸化炭素,  グリーンハウス効果,  パリ協定,  持続可能性,  森林破壊,  海面上昇,  極端気象,  再生可能エネルギー"
気候モデル,影響 (事柄/事象/現象/自然/生物/社会活動/産業/物質/天候),"気候変動,  温暖化,  二酸化炭素,  気温上昇,  氷河の融解,  水位上昇,  自然災害,  農作物の収量,  森林破壊,  経済影響"
気候モデル,対策 (事柄/事象/現象/自然/物質/社会活動/産業/組織/制度/生活/人造物),"気候変動,  温室効果ガス,  持続可能性,  再生可能エネルギー,  森林保護,  カーボンオフセット,  適応策,  環境政策,  地球温暖化,  地球温度上昇"
地球環境,背景 (事柄/事象/現象/自然/生物/社会活動/産業/物質/天候),"自然,  気候変動,  森林破壊,  生態系,  水資源,  再生可能エネルギー,  プラスチック廃棄物,  環境保護,  持続可能性,  排出ガス"
地球環境,課題 (事柄/事象/現象/人体・生理・病気/自然/生物/生活/社会活動/組織/産業/制度),"気候変動,  二酸化炭素,  持続可能性,  生態系,  バイオディバーシティ,  再生可能エネルギー,  海洋汚染,  森林破壊,  土壌劣化,  廃棄物管理"
地球環境,影響 (事柄/事象/現象/自然/生物/社会活動/産業/物質/天候),"地球環境, 影響, 事柄, 事象, 現象, 自然, 生物, 社会活動, 産業, 物質, 天候"
地球環境,対策 (事柄/事象/現象/自然/物質/社会活動/産業/組織/制度/生活/人造物),"地球温暖化,  再生可能エネルギー,  持続可能性,  大気汚染,  バイオ多様性,  プラスチック削減,  森林保護,  海洋保護,  水資源管理,  グリーンテクノロジー"
環境保護,背景 (事柄/事象/現象/自然/生物/社会活動/産業/物質/天候),"環境,  保護,  持続可能,  資源,  削減,  再利用,  再生可能エネルギー,  汚染,  大気,  森林"
環境保護,課題 (事柄/事象/現象/人体・生理・病気/自然/生物/生活/社会活動/組織/産業/制度),"環境,  保護,  資源,  持続可能,  温室効果ガス,  リサイクル,  汚染,  生態系,  持続可能な開発,  森林保護"
環境保護,影響 (事柄/事象/現象/自然/生物/社会活動/産業/物質/天候),"環境,  保護,  影響,  自然,  生物,  持続可能性,  汚染,  再生可能エネルギー,  温室効果ガス,  リサイクル"
環境保護,対策 (事柄/事象/現象/自然/物質/社会活動/産業/組織/制度/生活/人造物),"環境保護の対策, 再生可能エネルギー,  リサイクル,  持続可能性,  森林保護,  廃棄物削減,  グリーンテクノロジー,  食料ロス削減,  環境教育,  環境法規制,  ゼロエミッション"
温暖化ガス,背景 (事柄/事象/現象/自然/生物/社会活動/産業/物質/天候),"温暖化ガス,  地球温暖化,  化石燃料,  森林伐採,  農業活動,  工業生産,  自動車排気ガス,  メタンガス,  温室効果,  大気汚染"
温暖化ガス,課題 (事柄/事象/現象/人体・生理・病気/自然/生物/生活/社会活動/組織/産業/制度),"温室効果ガス,  気候変動,  パリ協定,  森林伐採,  航空機排出,  地球温暖化,  再生可能エネルギー,  カーボンオフセット,  持続可能性,  環境保護"
温暖化ガス,影響 (事柄/事象/現象/自然/生物/社会活動/産業/物質/天候),"温暖化ガス,  気候変動,  化石燃料,  森林伐採,  海面上昇,  氷河溶解,  異常気象,  二酸化炭素,  メタン,  パリ協定"
温暖化ガス,対策 (事柄/事象/現象/自然/物質/社会活動/産業/組織/制度/生活/人造物),"温室効果ガス,  再生可能エネルギー,  カーボンオフセット,  バイオマス,  エネルギー効率,  持続可能性,  炭素排出,  リサイクル,  持続可能な開発,  気候変動"
メタン,背景 (事柄/事象/現象/自然/生物/社会活動/産業/物質/天候),"化石燃料,  地球温暖化,  バイオガス,  地下採掘,  メタンハイドレート,  微生物,  燃焼,  炭素循環,  沼地,  地下貯蔵"
メタン,課題 (事柄/事象/現象/人体・生理・病気/自然/生物/生活/社会活動/組織/産業/制度),"炭素,  水素,  化石燃料,  地球温暖化,  バイオガス,  地下埋設,  発酵,  メタンハイドレート,  メタンガス,  メタン排出"
メタン,影響 (事柄/事象/現象/自然/生物/社会活動/産業/物質/天候),"気候変動,  温室効果ガス,  地球温暖化,  化石燃料,  土壌,  気候予測,  バイオガス,  石油採掘,  環境保護,  グリーンハウスガス"
メタン,対策 (事柄/事象/現象/自然/物質/社会活動/産業/組織/制度/生活/人造物),"二酸化炭素,  地球温暖化,  排出量削減,  再生可能エネルギー,  持続可能性,  バイオガス,  森林保護,  気候変動,  グリーンテクノロジー,  環境規制"
フロン,背景 (事柄/事象/現象/自然/生物/社会活動/産業/物質/天候),"事柄,  事象,  現象,  自然,  生物,  社会活動,  産業,  物質,  天候  , 関係,  変化,  観察,  環境,  生態系,  経済,  資源,  化学物質,  気候"
フロン,課題 (事柄/事象/現象/人体・生理・病気/自然/生物/生活/社会活動/組織/産業/制度),"事柄, 事象, 現象, 人体・生理・病気, 自然, 生物, 生活, 社会活動, 組織, 産業, 制度  , 問題, 現象, 状況, 症状, 環境, 生態, 日常, 活動, 組織, 産業, 制度  "
フロン,影響 (事柄/事象/現象/自然/生物/社会活動/産業/物質/天候),"フロン,  オゾン層,  環境,  加熱,  破壊,  化学反応,  地球温暖化,  冷蔵庫,  気候変動,  国際規制"
フロン,対策 (事柄/事象/現象/自然/物質/社会活動/産業/組織/制度/生活/人造物),"事柄, 事象, 現象, 自然, 物質, 社会活動, 産業, 組織, 制度, 生活, 人造物"
オゾン層,背景 (事柄/事象/現象/自然/生物/社会活動/産業/物質/天候),"オゾン,  オゾンホール,  積乱雲,  クロロフルオロカーボン,  紫外線,  温室効果ガス,  大気汚染,  環境保護,  化学反応,  毛皮製品"
オゾン層,課題 (事柄/事象/現象/人体・生理・病気/自然/生物/生活/社会活動/組織/産業/制度),"破壊,  オゾン,  大気,  冷媒,  穴,  環境,  UV-B,  防止,  モントリオール議定書,  化学物質"
オゾン層,影響 (事柄/事象/現象/自然/生物/社会活動/産業/物質/天候),"オゾン,  UV,  紫外線,  オゾンホール,  破壊,  健康,  環境,  気候変動,  気温上昇,  炭化水素"
オゾン層,対策 (事柄/事象/現象/自然/物質/社会活動/産業/組織/制度/生活/人造物),"環境保護,  温室効果ガス,  クロロフルオロカーボン,  グリーンハウス効果,  冷蔵庫,  環境規制,  持続可能な,  環境意識,  地球温暖化,  環境保全"
生態系,背景 (事柄/事象/現象/自然/生物/社会活動/産業/物質/天候),"環境,  生物多様性,  持続可能性,  森林,  湖沼,  大気汚染,  気候変動,  二酸化炭素,  持続可能な開発,  生態系サービス"
生態系,課題 (事柄/事象/現象/人体・生理・病気/自然/生物/生活/社会活動/組織/産業/制度),"熱帯雨林,  生態系,  森林破壊,  絶滅危惧種,  気候変動,  持続可能性,  生物多様性,  環境汚染,  過剰開発,  海洋酸性化"
生態系,影響 (事柄/事象/現象/自然/生物/社会活動/産業/物質/天候),"事柄,  事象,  現象,  自然,  生物,  社会活動,  産業,  物質,  天候"
生態系,対策 (事柄/事象/現象/自然/物質/社会活動/産業/組織/制度/生活/人造物),"生物多様性,  持続可能性,  環境保護,  森林伐採,  排出ガス削減,  生態系バランス,  鳥獣保護,  持続可能な開発,  天然資源保護,  環境破壊"
生物多様性,背景 (事柄/事象/現象/自然/生物/社会活動/産業/物質/天候),"生態系,  種,  絶滅,  保存,  森林,  水質,  環境,  農業,  植物,  動物"
生物多様性,課題 (事柄/事象/現象/人体・生理・病気/自然/生物/生活/社会活動/組織/産業/制度),"生態系,  種の絶滅,  森林破壊,  絶滅危惧種,  侵略的外来種,  持続可能な開発,  枯渇資源,  地球温暖化,  汚染,  保護区"
生物多様性,影響 (事柄/事象/現象/自然/生物/社会活動/産業/物質/天候),"自然,  生態系,  種の多様性,  絶滅危惧種,  保全活動,  森林破壊,  水質汚染,  気候変動,  鳥類減少,  野生動物生息地"
生物多様性,対策 (事柄/事象/現象/自然/物質/社会活動/産業/組織/制度/生活/人造物),"対策,  保護区,  里山,  保全,  侵略的外来種,  森林再生,  持続可能な開発,  湿地保護,  絶滅危惧種,  持続可能性"
環境破壊,背景 (事柄/事象/現象/自然/生物/社会活動/産業/物質/天候),"炭化物,  森林,  汚染,  温室効果ガス,  過剰消費,  土壌劣化,  乱伐,  化学肥料,  産業廃棄物,  停滞排水"
環境破壊,課題 (事柄/事象/現象/人体・生理・病気/自然/生物/生活/社会活動/組織/産業/制度),"環境,  持続可能性,  汚染,  森林破壊,  土壌劣化,  気候変動,  海洋酸性化,  生物多様性減少,  公害,  グリーンハウス効果"
環境破壊,影響 (事柄/事象/現象/自然/生物/社会活動/産業/物質/天候),"破壊, 温室効果ガス, 森林伐採, 地球温暖化, 排出, 水質汚染, 大気汚染, 生態系, 廃棄物, 過剰消費"
環境破壊,対策 (事柄/事象/現象/自然/物質/社会活動/産業/組織/制度/生活/人造物),"環境保護,  再生可能エネルギー,  リサイクル,  持続可能性,  グリーンテクノロジー,  消費の抑制,  森林保護,  水資源管理,  カーボンオフセット,  循環型社会"
森林破壊,背景 (事柄/事象/現象/自然/生物/社会活動/産業/物質/天候),"森林伐採,  違法伐採,  トロピカルデフ  ォレステーション,  薪炭採取,  土地開発,  工業化,  農業拡大,  道路建設,  不法侵入,  ペストリサイクリング"
森林破壊,課題 (事柄/事象/現象/人体・生理・病気/自然/生物/生活/社会活動/組織/産業/制度),"森林破壊,  環境破壊,  伐採,  土壌浸食,  物種喪失,  森林火災,  酸性雨,  気候変動,  持続可能性,  バイオダイバーシティ"
森林破壊,影響 (事柄/事象/現象/自然/生物/社会活動/産業/物質/天候),"森林破壊,  災害,  気候変動,  生態系,  動植物,  砂漠化,  人間活動,  持続可能性,  大気汚染,  水資源"
森林破壊,対策 (事柄/事象/現象/自然/物質/社会活動/産業/組織/制度/生活/人造物),"森林保護,  持続可能性,  伐採,  森林管理計画,  森林再生,  生態系,  違法伐採,  森林保護区,  木材認証,  持続可能な開発"
砂漠化,背景 (事柄/事象/現象/自然/生物/社会活動/産業/物質/天候),乾燥、土壌劣化、気候変動、過放牧、森林伐採、過耕作、過剰採掘、排水、過剰開発、過度な灌漑
砂漠化,課題 (事柄/事象/現象/人体・生理・病気/自然/生物/生活/社会活動/組織/産業/制度),"砂漠化,  乾燥,  土壌劣化,  林木伐採,  灌漑,  過放牧,  土壌保全,  水資源枯渇,  気候変動,  農地荒廃"
砂漠化,影響 (事柄/事象/現象/自然/生物/社会活動/産業/物質/天候),"砂漠,  干ばつ,  土壌劣化,  水不足,  植生喪失,  飢餓,  風下地域,  労働移動,  環境課題,  持続可能性"
砂漠化,対策 (事柄/事象/現象/自然/物質/社会活動/産業/組織/制度/生活/人造物),"土壌改良,  植林,  乾燥地,  灌漑,  過放牧,  砂防,  再生可能エネルギー,  適切な開発,  環境教育,  防風林"
持続可能性,背景 (事柄/事象/現象/自然/生物/社会活動/産業/物質/天候),"自然,  環境,  リサイクル,  再生可能エネルギー,  グリーンテクノロジー,  持続可能な消費,  カーボンフットプリント,  バイオデバーシティ,  サーキュラーエコノミー,  サステナビリティ"
持続可能性,課題 (事柄/事象/現象/人体・生理・病気/自然/生物/生活/社会活動/組織/産業/制度),"地球温暖化,  再生可能エネルギー,  バイオ多様性,  プラスチック廃棄物,  持続可能な開発,  水資源管理,  気候変動,  持続不可能な消費,  環境破壊,  社会的格差"
持続可能性,影響 (事柄/事象/現象/自然/生物/社会活動/産業/物質/天候),"事柄, 事象, 現象, 自然, 生物, 社会活動, 産業, 物質, 天候, 資源, エネルギー, 気候変動, 生態系, 種の多様性, 持続可能な開発, 再生可能エネルギー, 廃棄物削減, 循環経済, 極端な天候"
持続可能性,対策 (事柄/事象/現象/自然/物質/社会活動/産業/組織/制度/生活/人造物),"対策,  環境,  再生可能エネルギー,  リサイクル,  持続可能な,  バイオ多様性,  カーボンフットプリント,  低炭素,  エコフレンドリー,  再利用"
サステナブル,背景 (事柄/事象/現象/自然/生物/社会活動/産業/物質/天候),"自然,  環境,  再生可能エネルギー,  削減,  リサイクル,  持続可能性,  グリーン,  クライメートチェンジ,  自給自足,  資源管理"
サステナブル,課題 (事柄/事象/現象/人体・生理・病気/自然/生物/生活/社会活動/組織/産業/制度),"持続可能性,  環境保護,  再生可能エネルギー,  リサイクル,  持続可能消費,  持続可能開発目標,  グリーンテクノロジー,  持続可能な農業,  持続可能な都市,  グリーンビジネス"
サステナブル,影響 (事柄/事象/現象/自然/生物/社会活動/産業/物質/天候),"環境,  温室効果ガス,  再生可能エネルギー,  リサイクル,  持続可能性,  生態系,  社会責任,  持続可能な開発,  グリーンテクノロジー,  バイオダイバーシティ"
サステナブル,対策 (事柄/事象/現象/自然/物質/社会活動/産業/組織/制度/生活/人造物),"環境保護,  再生可能エネルギー,  リサイクル,  CO2削減,  持続可能性,  グリーンテクノロジー,  自然保護,  エコフレンドリー,  バイオ多様性,  カーボンフットプリント"
再生可能エネルギー,背景 (事柄/事象/現象/自然/生物/社会活動/産業/物質/天候),"風力,  太陽光,  水力,  地熱,  バイオマス,  原子力,  グリッド,  再生可能,  カーボンニュートラル,  発電量"
再生可能エネルギー,課題 (事柄/事象/現象/人体・生理・病気/自然/生物/生活/社会活動/組織/産業/制度),"再生可能エネルギー,  資源,  持続可能性,  温室効果ガス,  太陽光発電,  風力発電,  バイオマス,  グリーンエネルギー,  省エネルギー,  グリッド統合"
再生可能エネルギー,影響 (事柄/事象/現象/自然/生物/社会活動/産業/物質/天候),"再生可能エネルギー, 環境, 持続可能性, クリーンエネルギー, 温室効果ガス, エコシステム, 地球温暖化, リサイクル, バイオマス, 風力発電"
再生可能エネルギー,対策 (事柄/事象/現象/自然/物質/社会活動/産業/組織/制度/生活/人造物),"再生可能エネルギー,  太陽光発電,  風力発電,  水力発電,  地熱発電,  バイオマスエネルギー,  廃棄物エネルギー,  潮力発電,  太陽熱,  焼却熱源"
太陽光発電,背景 (事柄/事象/現象/自然/生物/社会活動/産業/物質/天候),"太陽光,  発電,  省エネルギー,  再生可能エネルギー,  グリーンエネルギー,  炭素排出,  グリッド接続,  太陽電池パネル,  インバーター,  大気汚染"
太陽光発電,課題 (事柄/事象/現象/人体・生理・病気/自然/生物/生活/社会活動/組織/産業/制度),"効率,  施工コスト,  需要,  変動,  天候,  貯蔵,  信頼性,  調整,  設置面積,  環境影響"
太陽光発電,影響 (事柄/事象/現象/自然/生物/社会活動/産業/物質/天候),"太陽光,  発電,  エネルギー,  太陽光パネル,  グリッド接続,  持続可能性,  環境保護,  再生可能エネルギー,  需要,  施設"
太陽光発電,対策 (事柄/事象/現象/自然/物質/社会活動/産業/組織/制度/生活/人造物),"再生可能エネルギー,  太陽光パネル,  太陽電池,  グリッド接続,  太陽光発電所,  太陽光エネルギー,  太陽光パネル製造,  太陽光パネル設置,  太陽光発電技術,  太陽光発電効率"
風力発電,背景 (事柄/事象/現象/自然/生物/社会活動/産業/物質/天候),"風,  エネルギー,  風力,  発電,  再生可能エネルギー,  環境,  温室効果ガス,  可再生エネルギー,  電力,  運転率"
風力発電,課題 (事柄/事象/現象/人体・生理・病気/自然/生物/生活/社会活動/組織/産業/制度),"効率性,  騒音,  メンテナンス,  霜,  資源,  地盤沈下,  鳥類,  コスト,  規制,  天候"
風力発電,影響 (事柄/事象/現象/自然/生物/社会活動/産業/物質/天候),"風速,  風車,  風向,  発電,  電力,  メンテナンス,  環境影響,  可視性,  騒音,  周辺地域"
風力発電,対策 (事柄/事象/現象/自然/物質/社会活動/産業/組織/制度/生活/人造物),"風力,  タービン,  発電量,  風速,  風車,  露出面積,  発電効率,  グリッド接続,  運転制御,  メンテナンス"
水力発電,背景 (事柄/事象/現象/自然/生物/社会活動/産業/物質/天候),"水力発電,  水車,  水路,  落差,  水量,  水源,  水蒸気,  涵養,  洪水調節,  環境保護"
水力発電,課題 (事柄/事象/現象/人体・生理・病気/自然/生物/生活/社会活動/組織/産業/制度),"水力発電,  設備,  水量,  製造,  環境,  保全,  発電効率,  調整,  機械,  運用"
水力発電,影響 (事柄/事象/現象/自然/生物/社会活動/産業/物質/天候),"水力発電所,  水蒸気,  水力タービン,  大気中,  河川,  電力需要,  環境保護,  水質,  流量制御,  再生可能エネルギー"
水力発電,対策 (事柄/事象/現象/自然/物質/社会活動/産業/組織/制度/生活/人造物),"水力発電,  低炭素,  ダム,  水流,  水蒸気,  水車,  水力タービン,  水位,  電力,  環境保護"
地熱発電,背景 (事柄/事象/現象/自然/生物/社会活動/産業/物質/天候),"地熱,  発電,  ジオサーマル,  温泉,  火山,  冷却,  蒸気,  地殻,  地熱発電所,  地熱発電技術"
地熱発電,課題 (事柄/事象/現象/人体・生理・病気/自然/生物/生活/社会活動/組織/産業/制度),"地下水,  地熱,  蒸気,  発電,  地震,  火山,  冷却,  霧,  火口,  湯気"
地熱発電,影響 (事柄/事象/現象/自然/生物/社会活動/産業/物質/天候),"地熱,  発電,  温泉,  地震,  湯気,  火口,  ジオサーマル,  地中,  地層,  冷却"
地熱発電,対策 (事柄/事象/現象/自然/物質/社会活動/産業/組織/制度/生活/人造物),温泉、地層、蒸気、ボイラー、タービン、発電、地熱ポンプ、地熱エネルギー、地熱発電所、地熱資源
バイオマス,背景 (事柄/事象/現象/自然/生物/社会活動/産業/物質/天候),"自然,  再生可能エネルギー,  持続可能,  エコロジー,  カーボンニュートラル,  再生可能資源,  森林,  地球温暖化,  バイオ燃料,  リサイクル"
バイオマス,課題 (事柄/事象/現象/人体・生理・病気/自然/生物/生活/社会活動/組織/産業/制度),"再生可能エネルギー,  持続可能性,  温室効果ガス,  森林破壊,  農業廃棄物,  環境保護,  有機資源,  林業,  カーボンニュートラル,  バイオダイバーシティ"
バイオマス,影響 (事柄/事象/現象/自然/生物/社会活動/産業/物質/天候),"バイオマス,  環境,  持続可能性,  再生可能エネルギー,  CO2排出削減,  森林,  農作物残さ,  バイオ燃料,  地球温暖化,  林業"
バイオマス,対策 (事柄/事象/現象/自然/物質/社会活動/産業/組織/制度/生活/人造物),"再生可能,  エネルギー,  持続可能,  森林,  農業,  ゴミ,  バイオガス,  地球温暖化,  植物,  バイオディーゼル"
脱化石燃料,背景 (事柄/事象/現象/自然/生物/社会活動/産業/物質/天候),"化石燃料,  環境問題,  温暖化,  グリーンエネルギー,  再生可能エネルギー,  持続可能性,  気候変動,  カーボンフットプリント,  エコロジー,  ソーラーパネル"
脱化石燃料,課題 (事柄/事象/現象/人体・生理・病気/自然/生物/生活/社会活動/組織/産業/制度),"再生可能エネルギー,  温室効果ガス,  持続可能性,  カーボンニュートラル,  エネルギー効率,  環境保護,  持続可能な開発,  電気自動車,  再生可能資源,  持続可能なエネルギー"
脱化石燃料,影響 (事柄/事象/現象/自然/生物/社会活動/産業/物質/天候),"炭素排出,  気候変動,  海面上昇,  森林破壊,  酸性雨,  熱波,  水資源枯渇,  健康影響,  経済損失,  災害リスク"
脱化石燃料,対策 (事柄/事象/現象/自然/物質/社会活動/産業/組織/制度/生活/人造物),"再生可能エネルギー,  カーボンニュートラル,  グリーンエネルギー,  持続可能性,  気候変動,  ゼロエミッション,  再利用,  エコフレンドリー,  グリーンテクノロジー,  ライフサイクルアセスメント"
クリーンエネルギー,背景 (事柄/事象/現象/自然/生物/社会活動/産業/物質/天候),"再生可能エネルギー,  太陽光発電,  風力発電,  生物マス,  グリッド接続,  カーボンニュートラル,  グリーンテクノロジー,  持続可能性,  再利用,  環境保護"
クリーンエネルギー,課題 (事柄/事象/現象/人体・生理・病気/自然/生物/生活/社会活動/組織/産業/制度),"再生可能エネルギー,  温室効果ガス,  グリッド接続,  環境保護,  バイオマス,  電力需要,  再生可能エネルギー法,  エネルギー効率,  太陽光発電,  風力発電"
クリーンエネルギー,影響 (事柄/事象/現象/自然/生物/社会活動/産業/物質/天候),"再生可能エネルギー,  地球温暖化,  太陽光発電,  風力発電,  温室効果ガス,  持続可能性,  バイオマス,  環境保護,  グリーンエネルギー,  カーボンニュートラル"
クリーンエネルギー,対策 (事柄/事象/現象/自然/物質/社会活動/産業/組織/制度/生活/人造物),"再生可能エネルギー,  再生可能資源,  ゼロエミッション,  グリーンテクノロジー,  エコフレンドリー,  カーボンニュートラル,  バイオマス,  ソーラーパネル,  風力発電,  水力発電"
エネルギー転換,背景 (事柄/事象/現象/自然/生物/社会活動/産業/物質/天候),"物質,  熱,  光,  化学反応,  地球温暖化,  再生可能エネルギー,  燃料,  原子力,  電力,  資源"
エネルギー転換,課題 (事柄/事象/現象/人体・生理・病気/自然/生物/生活/社会活動/組織/産業/制度),"エネルギー,  効率,  再生可能,  貯蔵,  石油,  原子力,  再利用,  発電所,  グリッド,  省エネ"
エネルギー転換,影響 (事柄/事象/現象/自然/生物/社会活動/産業/物質/天候),"事柄,  事象,  現象,  自然,  生物,  社会活動,  産業,  物質,  天候, エネルギー,  変換,  効率,  環境,  循環,  持続可能性,  需要,  排出,  資源,  気候"
エネルギー転換,対策 (事柄/事象/現象/自然/物質/社会活動/産業/組織/制度/生活/人造物),"再生可能エネルギー,  グリーンエネルギー,  ゼロエミッション,  エネルギー効率,  再生可能エネルギー源,  温室効果ガス削減,  カーボンニュートラル,  省エネ,  太陽光発電,  風力発電"
省エネルギー,背景 (事柄/事象/現象/自然/生物/社会活動/産業/物質/天候),"省エネルギー,  温室効果ガス,  再生可能エネルギー,  エコロジー,  持続可能性,  クリーンエネルギー,  グリーンテクノロジー,  カーボンフットプリント,  エネルギー効率,  バイオマス"
省エネルギー,課題 (事柄/事象/現象/人体・生理・病気/自然/生物/生活/社会活動/組織/産業/制度),"省エネルギー,  環境,  再生可能エネルギー,  グリーンテクノロジー,  CO2削減,  エコロジカルフットプリント,  エネルギー効率,  冷暖房,  リサイクル,  持続可能性"
省エネルギー,影響 (事柄/事象/現象/自然/生物/社会活動/産業/物質/天候),"省エネルギー,  エコロジー,  再生可能エネルギー,  グリーンテクノロジー,  カーボンフットプリント,  エネルギー効率,  リサイクル,  持続可能性,  燃料電池,  エネルギースター"
省エネルギー,対策 (事柄/事象/現象/自然/物質/社会活動/産業/組織/制度/生活/人造物),"省エネルギー対策, 省エネ, エネルギー, 節約, 再生可能エネルギー, 省エネ家電, 省エネランプ, 断熱, 太陽光発電, 自然エネルギー"
電気自動車,背景 (事柄/事象/現象/自然/生物/社会活動/産業/物質/天候),"自然, 環境, 省エネ, 再生可能エネルギー, 排出ガス, 充電インフラ, バッテリー技術, 航続距離, 電力需要, 経済効果"
電気自動車,課題 (事柄/事象/現象/人体・生理・病気/自然/生物/生活/社会活動/組織/産業/制度),"バッテリー,  航続距離,  充電インフラ,  高速充電,  走行モード,  電力需要,  エコモード,  電気料金,  パワートレイン,  タイヤ摩耗"
電気自動車,影響 (事柄/事象/現象/自然/生物/社会活動/産業/物質/天候),"電気自動車,  環境,  充電インフラ,  グリーンエネルギー,  車両性能,  温室効果ガス,  バッテリー技術,  電力需要,  充電時間,  車両価格"
電気自動車,対策 (事柄/事象/現象/自然/物質/社会活動/産業/組織/制度/生活/人造物),"車両,  バッテリー,  充電インフラ,  節電,  再生可能エネルギー,  グリーンテクノロジー,  ゼロエミッション,  電力需要,  シャーゲドール,  オートパイロット"
EV,背景 (事柄/事象/現象/自然/生物/社会活動/産業/物質/天候),"電気自動車,  環境,  ゼロエミッション,  充電インフラ,  グリッド連携,  バッテリー,  再生可能エネルギー,  モビリティ,  エコロジー,  サステナビリティ"
EV,課題 (事柄/事象/現象/人体・生理・病気/自然/生物/生活/社会活動/組織/産業/制度),"課題,  解決,  物質,  資源,  エネルギー,  環境,  効率,  イノベーション,  リサイクル,  持続可能"
EV,影響 (事柄/事象/現象/自然/生物/社会活動/産業/物質/天候),"事柄, 事象, 現象, 自然, 生物, 社会活動, 産業, 物質, 天候, 環境, 技術, 変化, エネルギー, 影響, 経済, 需要, 排出, 気候, 災害"
EV,対策 (事柄/事象/現象/自然/物質/社会活動/産業/組織/制度/生活/人造物),"技術,  電気自動車,  充電インフラ,  バッテリー,  グリッド,  再生可能エネルギー,  需要管理,  エネルギー効率,  グリーンビルディング,  カーボンニュートラル"
公共交通,背景 (事柄/事象/現象/自然/生物/社会活動/産業/物質/天候),"交通, 都市化, 車両, 路線, 乗客, 運賃, 交通渋滞, 環境, 駅舎, バス停"
公共交通,課題 (事柄/事象/現象/人体・生理・病気/自然/生物/生活/社会活動/組織/産業/制度),"遅延,  満員,  混雑,  施設,  路線,  運賃,  排気ガス,  スマートカード,  減速,  乗り継ぎ"
公共交通,影響 (事柄/事象/現象/自然/生物/社会活動/産業/物質/天候),"交通量,  遅延,  混雑,  排気ガス,  騒音,  環境,  交通規制,  利便性,  駅前開発,  交通事故"
公共交通,対策 (事柄/事象/現象/自然/物質/社会活動/産業/組織/制度/生活/人造物),"公共交通,  運賃,  時刻表,  渋滞,  駅,  バス停,  利用者,  高速道路,  電車会社,  自転車利用"
モーダルシフト,背景 (事柄/事象/現象/自然/生物/社会活動/産業/物質/天候),"事柄,  事象,  現象,  自然,  生物,  社会活動,  産業,  物質,  天候  , 変化,  発展,  現れ,  自然現象,  生態系,  社会システム,  産業活動,  物理的,  気象,  温暖化"
モーダルシフト,課題 (事柄/事象/現象/人体・生理・病気/自然/生物/生活/社会活動/組織/産業/制度),"モーダルシフト,  課題,  事柄,  事象,  現象,  人体・生理・病気,  自然,  生物,  生活,  社会活動,  組織,  産業,  制度"
モーダルシフト,影響 (事柄/事象/現象/自然/生物/社会活動/産業/物質/天候),"事柄,  事象,  現象,  自然,  生物,  社会活動,  産業,  物質,  天候  , 影響,  変化,  発展,  環境,  生態系,  経済,  技術,  化学物質,  気象"
モーダルシフト,対策 (事柄/事象/現象/自然/物質/社会活動/産業/組織/制度/生活/人造物),"予防,  対策,  対応,  防止,  対抗,  変化,  対応策,  準備,  防護,  防疫"
都市緑化,背景 (事柄/事象/現象/自然/生物/社会活動/産業/物質/天候),"都市,  環境,  生態系,  植物,  大気,  水,  土壌,  建築,  車両,  道路"
都市緑化,課題 (事柄/事象/現象/人体・生理・病気/自然/生物/生活/社会活動/組織/産業/制度),"緑化,  都市,  環境,  植栽,  都市計画,  保護,  持続可能性,  養分,  空気清浄化,  土壌被覆"
都市緑化,影響 (事柄/事象/現象/自然/生物/社会活動/産業/物質/天候),"都市,  緑化,  影響,  環境,  都市化,  森林,  CO2,  温度,  空気質,  緑地"
都市緑化,対策 (事柄/事象/現象/自然/物質/社会活動/産業/組織/制度/生活/人造物),"緑化,  植栽,  木々,  公園,  道路,  空間,  環境,  生態系,  CO2吸収,  持続可能"
ゼロカーボン,背景 (事柄/事象/現象/自然/生物/社会活動/産業/物質/天候),"地球温暖化,  温室効果ガス,  持続可能性,  再生可能エネルギー,  森林伐採,  カーボンオフセット,  電気自動車,  環境保護,  持続可能な開発,  炭素排出"
ゼロカーボン,課題 (事柄/事象/現象/人体・生理・病気/自然/生物/生活/社会活動/組織/産業/制度),"炭素排出量,  再生可能エネルギー,  持続可能性,  森林保護,  グリーンテクノロジー,  エコノミー,  気候変動,  環境保護,  カーボンニュートラル,  レジリエンス"
ゼロカーボン,影響 (事柄/事象/現象/自然/生物/社会活動/産業/物質/天候),"事柄, 事象, 現象, 自然, 生物, 社会活動, 産業, 物質, 天候  , 排出量, 気候変動, 二酸化炭素, 温室効果ガス, 再生可能エネルギー, 環境保護, 持続可能性, 再利用, 気候変動適応, 再生可能エネルギー"
ゼロカーボン,対策 (事柄/事象/現象/自然/物質/社会活動/産業/組織/制度/生活/人造物),"エネルギー,  再生可能,  カーボンオフセット,  環境保護,  持続可能,  グリーンテクノロジー,  リサイクル,  持続可能な開発,  脱炭素化,  持続可能性"
カーボンフットプリント,背景 (事柄/事象/現象/自然/生物/社会活動/産業/物質/天候),"化石燃料,  森林伐採,  二酸化炭素排出,  持続可能性,  大気汚染,  消費行動,  循環経済,  自動車移動,  再生可能エネルギー,  気候変動"
カーボンフットプリント,課題 (事柄/事象/現象/人体・生理・病気/自然/生物/生活/社会活動/組織/産業/制度),排出量、再生可能エネルギー、持続可能性、廃棄物、省エネルギー、交通手段、リサイクル、炭素削減、森林伐採、エコロジカル
カーボンフットプリント,影響 (事柄/事象/現象/自然/生物/社会活動/産業/物質/天候),"カーボン,  フットプリント,  環境,  温室効果ガス,  持続可能性,  エネルギー,  森林,  二酸化炭素,  格差,  循環経済"
カーボンフットプリント,対策 (事柄/事象/現象/自然/物質/社会活動/産業/組織/制度/生活/人造物),"省エネ,  再生可能エネルギー,  リサイクル,  持続可能性,  ローカル,  生産過程,  削減,  グリーンテクノロジー,  カーボンオフセット,  地球温暖化"
グリーンインフラ,背景 (事柄/事象/現象/自然/生物/社会活動/産業/物質/天候),"自然,  環境,  再生可能,  エネルギー,  地球温暖化,  持続可能性,  資源,  温室効果ガス,  大気,  森林"
グリーンインフラ,課題 (事柄/事象/現象/人体・生理・病気/自然/生物/生活/社会活動/組織/産業/制度),環境、持続可能性、都市計画、再生可能エネルギー、排出削減、生態系、気候変動、防災、廃棄物管理、エコロジカルデザイン
グリーンインフラ,影響 (事柄/事象/現象/自然/生物/社会活動/産業/物質/天候),"事柄, 事象, 現象, 自然, 生物, 社会活動, 産業, 物質, 天候, 省エネ, CO2削減, 再生可能エネルギー, 生態系, 森林保護, 地域活性化, 持続可能, リサイクル, 気温上昇, 台風"
グリーンインフラ,対策 (事柄/事象/現象/自然/物質/社会活動/産業/組織/制度/生活/人造物),"再生可能エネルギー,  ソーラーパネル,  風力発電,  バイオマス,  雨水利用,  グリーンビルディング,  環境保護,  持続可能性,  カーボンオフセット,  地域再生"
エコ建築,背景 (事柄/事象/現象/自然/生物/社会活動/産業/物質/天候),環境、持続可能性、省エネ、再生可能エネルギー、生態系、廃棄物削減、地球温暖化、循環型社会、都市緑化、太陽光発電
エコ建築,課題 (事柄/事象/現象/人体・生理・病気/自然/生物/生活/社会活動/組織/産業/制度),省エネ、再生可能エネルギー、断熱、サステナビリティ、環境負荷、自然素材、都市計画、廃棄物削減、循環型社会、地域資源
エコ建築,影響 (事柄/事象/現象/自然/生物/社会活動/産業/物質/天候),"環境,  再生可能エネルギー,  断熱材,  地球温暖化,  持続可能性,  自然素材,  グリーンビルディング,  省エネ,  再利用,  ゼロエネルギー建築"
エコ建築,対策 (事柄/事象/現象/自然/物質/社会活動/産業/組織/制度/生活/人造物),省エネ、再利用、エコロジカル、サステナビリティ、断熱、リサイクル、太陽光発電、環境配慮、自然素材、低CO2
気候変動対策,背景 (事柄/事象/現象/自然/生物/社会活動/産業/物質/天候),"気温,  温室効果ガス,  二酸化炭素,  森林伐採,  再生可能エネルギー,  海面上昇,  砂漠化,  持続可能,  地球温暖化,  廃棄物"
気候変動対策,課題 (事柄/事象/現象/人体・生理・病気/自然/生物/生活/社会活動/組織/産業/制度),"気候変動,  温室効果ガス,  化石燃料,  再生可能エネルギー,  持続可能性,  森林破壊,  海面上昇,  水資源管理,  経済的影響,  国際協力"
気候変動対策,影響 (事柄/事象/現象/自然/生物/社会活動/産業/物質/天候),"気温,  二酸化炭素濃度,  森林伐採,  海面上昇,  水資源,  絶滅危惧種,  再生可能エネルギー,  災害リスク,  農業生産,  持続可能"
気候変動対策,対策 (事柄/事象/現象/自然/物質/社会活動/産業/組織/制度/生活/人造物),"気候変動,  温室効果ガス,  再生可能エネルギー,  持続可能性,  カーボンニュートラル,  森林保護,  再利用,  低炭素社会,  パリ協定,  グリーンテクノロジー"
気候適応,背景 (事柄/事象/現象/自然/生物/社会活動/産業/物質/天候),"気候変動,  災害,  予防,  持続可能性,  適応策,  森林破壊,  食糧安全保障,  環境保護,  再生可能エネルギー,  防災対策"
気候適応,課題 (事柄/事象/現象/人体・生理・病気/自然/生物/生活/社会活動/組織/産業/制度),"気候変動,  熱中症,  災害,  飢饉,  食糧安全保障,  持続可能性,  適応能力,  水不足,  農業,  グリーンインフラ"
気候適応,影響 (事柄/事象/現象/自然/生物/社会活動/産業/物質/天候),"気候変動,  適応戦略,  熱波,  降雨パターン,  海面上昇,  作物品質,  森林生態系,  風力発電,  水資源管理,  災害リスク"
気候適応,対策 (事柄/事象/現象/自然/物質/社会活動/産業/組織/制度/生活/人造物),"気候変動,  環境保護,  持続可能,  再生可能エネルギー,  防災対策,  持続可能な開発,  適応能力,  資源循環,  食糧安全保障,  低炭素社会"
気候緩和,背景 (事柄/事象/現象/自然/生物/社会活動/産業/物質/天候),"気候変動,  温室効果ガス,  森林伐採,  地球温暖化,  再生可能エネルギー,  化石燃料,  環境保護,  持続可能性,  大気汚染,  バイオダイバーシティ"
気候緩和,課題 (事柄/事象/現象/人体・生理・病気/自然/生物/生活/社会活動/組織/産業/制度),"気候変動,  温室効果ガス,  再生可能エネルギー,  持続可能性,  森林破壊,  海面上昇,  水資源管理,  廃棄物削減,  持続可能な開発,  削減目標"
気候緩和,影響 (事柄/事象/現象/自然/生物/社会活動/産業/物質/天候),"気候変動,  温室効果ガス,  森林伐採,  海面上昇,  異常気象,  炭素排出,  塩害,  農作物被害,  城市熱島,  酸性雨"
気候緩和,対策 (事柄/事象/現象/自然/物質/社会活動/産業/組織/制度/生活/人造物),"温室効果ガス,  再生可能エネルギー,  持続可能性,  森林保護,  気候変動適応,  カーボンオフセット,  持続可能な開発,  バイオマスエネルギー,  グリーンテクノロジー,  環境保護"
環境政策,背景 (事柄/事象/現象/自然/生物/社会活動/産業/物質/天候),環境、気候変動、持続可能、生態系、リサイクル、二酸化炭素、廃棄物、再生可能エネルギー、温室効果ガス、大気汚染
環境政策,課題 (事柄/事象/現象/人体・生理・病気/自然/生物/生活/社会活動/組織/産業/制度),"環境保護,  持続可能性,  グリーンエネルギー,  再生可能エネルギー,  持続可能な開発,  廃棄物処理,  水資源管理,  気候変動対策,  生物多様性保護,  環境影響評価"
環境政策,影響 (事柄/事象/現象/自然/生物/社会活動/産業/物質/天候),"環境,  政策,  影響,  事柄,  事象,  現象,  自然,  生物,  社会活動,  産業"
環境政策,対策 (事柄/事象/現象/自然/物質/社会活動/産業/組織/制度/生活/人造物),"環境保護,  再生可能エネルギー,  削減,  リサイクル,  持続可能性,  汚染,  持続可能な開発,  グリーンテクノロジー,  カーボンフットプリント,  自然保護"
国際協力,背景 (事柄/事象/現象/自然/生物/社会活動/産業/物質/天候),"協力,  開発,  国際関係,  貧困,  人道支援,  持続可能性,  経済成長,  教育,  医療,  災害対応"
国際協力,課題 (事柄/事象/現象/人体・生理・病気/自然/生物/生活/社会活動/組織/産業/制度),"課題,  国際,  開発,  協力,  貧困,  環境,  人権,  教育,  医療,  飢餓"
国際協力,影響 (事柄/事象/現象/自然/生物/社会活動/産業/物質/天候),"事柄,  事象,  現象,  自然,  生物,  社会活動,  産業,  物質,  天候"
国際協力,対策 (事柄/事象/現象/自然/物質/社会活動/産業/組織/制度/生活/人造物),"事柄,  事象,  現象,  自然,  物質,  社会活動,  産業,  組織,  制度,  生活,  人造物"
温暖化対策,背景 (事柄/事象/現象/自然/生物/社会活動/産業/物質/天候),"気候変動,  温室効果ガス,  化石燃料,  持続可能性,  森林伐採,  再生可能エネルギー,  海洋酸性化,  持続可能な開発,  食糧安全保障,  経済成長"
温暖化対策,課題 (事柄/事象/現象/人体・生理・病気/自然/生物/生活/社会活動/組織/産業/制度),"気候変動,  温室効果ガス,  再生可能エネルギー,  持続可能性,  カーボンニュートラル,  森林保護,  エネルギー効率,  削減目標,  パリ協定,  再利用"
温暖化対策,影響 (事柄/事象/現象/自然/生物/社会活動/産業/物質/天候),"温暖化,  地球温暖化,  気候変動,  CO2排出,  氷河融解,  水位上昇,  気温上昇,  酸性雨,  災害リスク,  持続可能"
温暖化対策,対策 (事柄/事象/現象/自然/物質/社会活動/産業/組織/制度/生活/人造物),"気候変動,  再生可能エネルギー,  炭素排出削減,  持続可能性,  二酸化炭素,  レジリエンス,  森林保護,  循環経済,  持続可能な開発,  低炭素化"
気候アクション,背景 (事柄/事象/現象/自然/生物/社会活動/産業/物質/天候),"気候変動,  温室効果ガス,  化石燃料,  持続可能性,  森林伐採,  再生可能エネルギー,  海洋酸性化,  持続可能な開発,  経済成長,  天然災害"
気候アクション,課題 (事柄/事象/現象/人体・生理・病気/自然/生物/生活/社会活動/組織/産業/制度),"気候変動,  温室効果ガス,  再生可能エネルギー,  持続可能性,  森林破壊,  海洋酸性化,  防災対策,  持続可能な開発,  経済成長,  グリーンテクノロジー"
気候アクション,影響 (事柄/事象/現象/自然/生物/社会活動/産業/物質/天候),"気候変動,  温室効果ガス,  持続可能性,  森林破壊,  食糧安全保障,  海面上昇,  異常気象,  再生可能エネルギー,  経済影響,  災害リスク"
気候アクション,対策 (事柄/事象/現象/自然/物質/社会活動/産業/組織/制度/生活/人造物),"気候変動,  温室効果ガス,  再生可能エネルギー,  持続可能性,  森林保護,  資源循環,  海洋保護,  削減目標,  エコロジカルフットプリント,  廃棄物管理"
環境教育,背景 (事柄/事象/現象/自然/生物/社会活動/産業/物質/天候),"環境,  教育,  保護,  持続可能,  森林,  温暖化,  リサイクル,  大気汚染,  生態系,  再生可能"
環境教育,課題 (事柄/事象/現象/人体・生理・病気/自然/生物/生活/社会活動/組織/産業/制度),"環境,  持続可能性,  汚染,  再生可能エネルギー,  バイオダイバーシティ,  持続可能な消費,  リサイクル,  気候変動,  環境保護,  持続可能な開発"
環境教育,影響 (事柄/事象/現象/自然/生物/社会活動/産業/物質/天候),"環境,  教育,  持続可能性,  自然資源,  創造,  グリーン,  二酸化炭素,  再生可能エネルギー,  バイオ多様性,  リサイクル"
環境教育,対策 (事柄/事象/現象/自然/物質/社会活動/産業/組織/制度/生活/人造物),"環境保護,  持続可能性,  再生可能エネルギー,  リサイクル,  廃棄物削減,  気候変動,  天然資源,  生態系,  環境汚染,  地球温暖化"
低炭素社会,背景 (事柄/事象/現象/自然/生物/社会活動/産業/物質/天候),"気候変動,  再生可能エネルギー,  持続可能性,  グリーンテクノロジー,  森林伐採,  バイオ燃料,  プラスチック廃棄物,  グリーンビルディング,  電気自動車,  地球温暖化"
低炭素社会,課題 (事柄/事象/現象/人体・生理・病気/自然/生物/生活/社会活動/組織/産業/制度),"エネルギー効率,  再生可能エネルギー,  持続可能性,  資源枯渇,  炭素排出量,  持続可能な開発,  環境保護,  リサイクル,  グリーンテクノロジー,  カーボンニュートラル"
低炭素社会,影響 (事柄/事象/現象/自然/生物/社会活動/産業/物質/天候),"事柄, 事象, 現象, 自然, 生物, 社会活動, 産業, 物質, 天候  , 再利用, 排出量, 温室効果ガス, 二酸化炭素, リサイクル, 持続可能, 省エネ, 脱炭素, リニューアブルエネルギー, 気候変動"
低炭素社会,対策 (事柄/事象/現象/自然/物質/社会活動/産業/組織/制度/生活/人造物),"エネルギー,  再生可能,  カーボンフットプリント,  持続可能,  温室効果ガス,  リサイクル,  二酸化炭素,  持続可能な開発,  グリーンテクノロジー,  環境保全"
循環型社会,背景 (事柄/事象/現象/自然/生物/社会活動/産業/物質/天候),"循環,  環境,  再利用,  エネルギー,  リサイクル,  持続可能性,  資源,  廃棄物,  温室効果ガス,  循環経済"
循環型社会,課題 (事柄/事象/現象/人体・生理・病気/自然/生物/生活/社会活動/組織/産業/制度),"資源枯渇,  リサイクル,  再利用,  リニューアブルエネルギー,  環境保護,  持続可能性,  プラスチックごみ,  グリーンエネルギー,  再生可能資源,  環境負荷"
循環型社会,影響 (事柄/事象/現象/自然/生物/社会活動/産業/物質/天候),"循環,  再利用,  持続可能性,  リサイクル,  環境,  資源,  生態系,  エネルギー,  持続可能な開発,  循環経済"
循環型社会,対策 (事柄/事象/現象/自然/物質/社会活動/産業/組織/制度/生活/人造物),"循環経済,  再生可能エネルギー,  リサイクル,  持続可能性,  資源節約,  CO2排出削減,  バイオマス,  クローズドループシステム,  再利用,  エコデザイン"
リサイクル,背景 (事柄/事象/現象/自然/生物/社会活動/産業/物質/天候),"リサイクル,  地球温暖化,  廃棄物,  再利用,  自然資源,  プラスチック,  環境保護,  循環経済,  リサイクル法,  公害"
リサイクル,課題 (事柄/事象/現象/人体・生理・病気/自然/生物/生活/社会活動/組織/産業/制度),"リサイクル,  資源,  廃棄物,  環境,  再生,  リユース,  リデュース,  プラスチック,  ペットボトル,  再利用"
リサイクル,影響 (事柄/事象/現象/自然/生物/社会活動/産業/物質/天候),"リサイクル, リソース, 廃棄物, 再利用, 環境, 持続可能性, リサイクル製品, リサイクル施設, 廃棄物削減, 循環経済"
リサイクル,対策 (事柄/事象/現象/自然/物質/社会活動/産業/組織/制度/生活/人造物),"リサイクル,  廃棄物,  再利用,  分別,  リサイクルシンボル,  リサイクル工場,  環境保護,  リサイクル率,  リサイクル法,  資源循環"
環境負荷,背景 (事柄/事象/現象/自然/生物/社会活動/産業/物質/天候),"事柄,  事象,  現象,  自然,  生物,  社会活動,  産業,  物質,  天候  , 燃料,  消費,  排出,  森林,  生態系,  交通,  工場,  化学物質,  温暖化,  極端気象"
環境負荷,課題 (事柄/事象/現象/人体・生理・病気/自然/生物/生活/社会活動/組織/産業/制度),"環境保護,  持続可能性,  再生可能エネルギー,  温室効果ガス,  バイオ多様性,  水資源管理,  廃棄物削減,  環境規制,  クリーンテクノロジー,  持続可能な開発"
環境負荷,影響 (事柄/事象/現象/自然/生物/社会活動/産業/物質/天候),環境、環境保護、温室効果ガス、廃棄物、破壊、エネルギー、森林伐採、排出、二酸化炭素、気候変動
環境負荷,対策 (事柄/事象/現象/自然/物質/社会活動/産業/組織/制度/生活/人造物),"省エネ,  再生可能エネルギー,  リサイクル,  CO2削減,  持続可能性,  カーボンニュートラル,  持続可能な開発,  ゼロウェイスト,  環境保護,  グリーンテクノロジー"
エコライフ,背景 (事柄/事象/現象/自然/生物/社会活動/産業/物質/天候),"エネルギー,  リサイクル,  環境,  持続可能性,  再生可能エネルギー,  大気汚染,  バイオディーゼル,  プラスチック削減,  グリーンテクノロジー,  持続可能な開発"
エコライフ,課題 (事柄/事象/現象/人体・生理・病気/自然/生物/生活/社会活動/組織/産業/制度),"省エネ, 再生可能エネルギー, リサイクル,廃棄物, 環境保護, バイオマス, 再利用, CO2削減, エコバッグ, 自然エネルギー"
エコライフ,影響 (事柄/事象/現象/自然/生物/社会活動/産業/物質/天候),"環境保護,  再生可能エネルギー,  リサイクル,  持続可能性,  カーボンフットプリント,  森林保護,  海洋汚染,  気候変動,  廃棄物削減,  自然資源利用"
エコライフ,対策 (事柄/事象/現象/自然/物質/社会活動/産業/組織/制度/生活/人造物),"減少,  再利用,  再生,  節約,  分別,  分解,  リサイクル,  省エネ,  環境保護,  CO2削減"
フードロス,背景 (事柄/事象/現象/自然/生物/社会活動/産業/物質/天候),"食品ロス,  経済,  農業,  食糧,  消費,  保存,  需要,  供給,  貧困,  環境"
フードロス,課題 (事柄/事象/現象/人体・生理・病気/自然/生物/生活/社会活動/組織/産業/制度),食料、廃棄、保存、需要、供給、貧困、環境、流通、消費、教育
フードロス,影響 (事柄/事象/現象/自然/生物/社会活動/産業/物質/天候),食品廃棄、栄養失調、環境破壊、貧困、持続可能性、需要と供給、食糧安全保障、飢餓、資源浪費、気候変動
フードロス,対策 (事柄/事象/現象/自然/物質/社会活動/産業/組織/制度/生活/人造物),"食品ロス,  リサイクル,  農産物,  保存方法,  分別,  貧困,  消費者教育,  慈善団体,  食料品店,  政策"
地産地消,背景 (事柄/事象/現象/自然/生物/社会活動/産業/物質/天候),"地元経済,  持続可能性,  ローカルフード,  農業,  環境保護,  食料安全保障,  交流,  資源循環,  地域社会,  小規模経済"
地産地消,課題 (事柄/事象/現象/人体・生理・病気/自然/生物/生活/社会活動/組織/産業/制度),地域資源、食料安全保障、環境保全、地域活性化、省エネルギー、循環型社会、農業振興、地域経済、自治体連携、持続可能性
地産地消,影響 (事柄/事象/現象/自然/生物/社会活動/産業/物質/天候),"地産地消,  影響,  事柄,  事象,  現象,  自然,  生物,  社会活動,  産業,  物質,  天候"
地産地消,対策 (事柄/事象/現象/自然/物質/社会活動/産業/組織/制度/生活/人造物),"地産地消,  対策,  農産物,  地域,  持続可能性,  食料,  消費者,  地元,  循環型経済,  食品ローカリゼーション"
再エネ導入,背景 (事柄/事象/現象/自然/生物/社会活動/産業/物質/天候),"再生可能エネルギー,  温室効果ガス,  持続可能,  省エネ,  資源枯渇,  気候変動,  持続可能性,  石油依存,  環境保護,  グリーンエネルギー"
再エネ導入,課題 (事柄/事象/現象/人体・生理・病気/自然/生物/生活/社会活動/組織/産業/制度),"再エネ導入,  融資制度,  インフラ整備,  技術革新,  基盤整備,  環境影響,  持続可能性,  地域社会,  エネルギー格差,  雇用創出"
再エネ導入,影響 (事柄/事象/現象/自然/生物/社会活動/産業/物質/天候),"再エネ導入の影響, 自然, エネルギー, CO2削減, 気候変動, 省エネ, 風力発電, 太陽光発電, 地球温暖化, バイオマス, 持続可能"
再エネ導入,対策 (事柄/事象/現象/自然/物質/社会活動/産業/組織/制度/生活/人造物),"再エネ導入,  対策,  再生可能エネルギー,  グリーンエネルギー,  太陽光発電,  風力発電,  バイオマス,  水力発電,  地熱発電,  エネルギー効率,  グリッド接続"
炭素貯留,背景 (事柄/事象/現象/自然/生物/社会活動/産業/物質/天候),"炭素循環,  森林,  温室効果ガス,  土壌,  植物,  化石燃料,  持続可能性,  地球温暖化,  CO2吸収,  持続可能な開発"
炭素貯留,課題 (事柄/事象/現象/人体・生理・病気/自然/生物/生活/社会活動/組織/産業/制度),"炭素,  貯留,  森林,  土壌,  植物,  地球温暖化,  大気,  持続可能,  エネルギー,  循環"
炭素貯留,影響 (事柄/事象/現象/自然/生物/社会活動/産業/物質/天候),"炭素循環,  森林,  土壌,  植物,  大気,  温室効果ガス,  酸性雨,  持続可能性,  大気汚染,  再生可能 energi"
炭素貯留,対策 (事柄/事象/現象/自然/物質/社会活動/産業/組織/制度/生活/人造物),"二酸化炭素,  森林,  土壌,  海洋,  植物,  再生可能エネルギー,  バイオマス,  カーボンオフセット,  グリーンエネルギー,  持続可能性"
CCS,背景 (事柄/事象/現象/自然/生物/社会活動/産業/物質/天候),"事柄,  事象,  現象,  自然,  生物,  社会活動,  産業,  物質,  天候  , CCS,  資源,  環境,  関係者,  イノベーション,  持続可能性,  成長,  技術,  温暖化,  変動"
CCS,課題 (事柄/事象/現象/人体・生理・病気/自然/生物/生活/社会活動/組織/産業/制度),"課題,  問題,  解決,  挑戦,  制約,  分析,  解析,  モデル,  評価,  改善"
CCS,影響 (事柄/事象/現象/自然/生物/社会活動/産業/物質/天候),"事柄,  事象,  現象,  自然,  生物,  社会活動,  産業,  物質,  天候  , 気候変動,  環境保護,  持続可能性,  グリーンエネルギー,  地球温暖化,  再生可能エネルギー,  持続可能な開発,  バイオマス,  リサイクル,  持続可能な資源管理"
CCS,対策 (事柄/事象/現象/自然/物質/社会活動/産業/組織/制度/生活/人造物),"二酸化炭素,  温室効果,  持続可能,  再生可能エネルギー,  カーボンオフセット,  エネルギー効率,  低炭素社会,  グリーンテクノロジー,  森林保護,  レジリエンス"
CCUS,背景 (事柄/事象/現象/自然/生物/社会活動/産業/物質/天候),"再生可能エネルギー,  温室効果ガス,  炭素排出,  地球温暖化,  イノベーション,  原子力発電,  温室効果,  環境保護,  持続可能性,  カーボンニュートラル"
CCUS,課題 (事柄/事象/現象/人体・生理・病気/自然/生物/生活/社会活動/組織/産業/制度),"CCUS, 課題, 二酸化炭素回収利用貯留技術, エネルギー, 排出削減, 地球温暖化, 持続可能性, 環境影響, 気候変動, 再生可能エネルギー, 産業, 法規制"
CCUS,影響 (事柄/事象/現象/自然/生物/社会活動/産業/物質/天候),"事柄,  事象,  現象,  自然,  生物,  社会活動,  産業,  物質,  天候"
CCUS,対策 (事柄/事象/現象/自然/物質/社会活動/産業/組織/制度/生活/人造物),"炭素捕獲利用貯留,  温室効果ガス,  二酸化炭素削減,  CCS技術,  パイプライン輸送,  地層封止,  CO2貯留量,  脱炭素化,  キャップチャー,  地域ネットワーク"
植林,背景 (事柄/事象/現象/自然/生物/社会活動/産業/物質/天候),"植物,  環境,  森林,  温室効果ガス,  生態系,  保護,  水源保護,  土壌保全,  気候変動,  持続可能"
植林,課題 (事柄/事象/現象/人体・生理・病気/自然/生物/生活/社会活動/組織/産業/制度),森林、減少、地球温暖化、環境、生態系、多様性、枯れ木、再生、炭吸収、保護
植林,影響 (事柄/事象/現象/自然/生物/社会活動/産業/物質/天候),"植林,  森林,  炭素吸収,  生態系,  木材,  土壌保全,  生物多様性,  水源保護,  気候変動,  持続可能"
植林,対策 (事柄/事象/現象/自然/物質/社会活動/産業/組織/制度/生活/人造物),"森林,  樹木,  木材,  環境保護,  持続可能性,  生態系,  気候変動,  土壌保全,  水源保護,  生物多様性"
ブルーカーボン,背景 (事柄/事象/現象/自然/生物/社会活動/産業/物質/天候),"自然,  海洋,  海草,  炭素貯蔵,  気候変動,  海洋生物,  水質改善,  沿岸保護,  持続可能性,  環境保護"
ブルーカーボン,課題 (事柄/事象/現象/人体・生理・病気/自然/生物/生活/社会活動/組織/産業/制度),"炭素,  海洋,  気候変動,  原因,  保護,  持続可能性,  森林,  海草,  貯留,  二酸化炭素"
ブルーカーボン,影響 (事柄/事象/現象/自然/生物/社会活動/産業/物質/天候),"影響,  海洋,  森林,  貯留,  生態系,  湿地,  酸性化,  資源,  貯蔵,  炭素循環"
ブルーカーボン,対策 (事柄/事象/現象/自然/物質/社会活動/産業/組織/制度/生活/人造物),"炭素循環,  海洋保護区,  持続可能性,  森林保護,  再生可能エネルギー,  カーボンオフセット,  海草,  水産業,  水産資源管理,  水産養殖"
グリーン投資,背景 (事柄/事象/現象/自然/生物/社会活動/産業/物質/天候),"環境,  可再生エネルギー,  CO2削減,  気候変動,  サステナビリティ,  再生可能エネルギー,  カーボンオフセット,  温室効果ガス,  グリーンテクノロジー,  バイオマス"
グリーン投資,課題 (事柄/事象/現象/人体・生理・病気/自然/生物/生活/社会活動/組織/産業/制度),"再生可能エネルギー,  カーボンオフセット,  持続可能性,  グリーンファイナンス,  環境保護,  再生可能資源,  エコイノミー,  持続可能な開発,  温室効果ガス,  気候変動"
グリーン投資,影響 (事柄/事象/現象/自然/生物/社会活動/産業/物質/天候),"影響,  環境,  再生可能エネルギー,  カーボンフットプリント,  サステナビリティ,  クリーンエネルギー,  持続可能性,  グリーンテクノロジー,  温室効果ガス,  エコロジカル"
グリーン投資,対策 (事柄/事象/現象/自然/物質/社会活動/産業/組織/制度/生活/人造物),"再生可能エネルギー,  環境保護,  サステナビリティ,  カーボンニュートラル,  グリーンテクノロジー,  持続可能性,  バイオマス,  クリーンエネルギー,  サーキュラーエコノミー,  ローカルフード"
グリーン経済,背景 (事柄/事象/現象/自然/生物/社会活動/産業/物質/天候),"環境,  持続可能性,  再生可能エネルギー,  循環経済,  気候変動,  環境保護,  エコロジー,  バイオマス,  カーボンフットプリント,  リサイクル"
グリーン経済,課題 (事柄/事象/現象/人体・生理・病気/自然/生物/生活/社会活動/組織/産業/制度),"環境保護,  再生可能エネルギー,  持続可能性,  削減,  バイオマス,  リサイクル,  カーボンオフセット,  持続可能な開発,  環境負荷,  エコロジカル設計"
グリーン経済,影響 (事柄/事象/現象/自然/生物/社会活動/産業/物質/天候),"事業,  環境保護,  再生可能エネルギー,  持続可能性,  削減,  リサイクル,  カーボンフットプリント,  エコロジカル,  サステナビリティ,  資源管理"
グリーン経済,対策 (事柄/事象/現象/自然/物質/社会活動/産業/組織/制度/生活/人造物),"グリーン,  環境,  再生可能エネルギー,  持続可能性,  カーボンニュートラル,  リサイクル,  資源管理,  エコフレンドリー,  削減,  適正使用"
環境配慮,背景 (事柄/事象/現象/自然/生物/社会活動/産業/物質/天候),"環境,  持続可能性,  森林,  気候変動,  廃棄物,  再生可能エネルギー,  汚染,  生態系,  環境問題,  資源管理"
環境配慮,課題 (事柄/事象/現象/人体・生理・病気/自然/生物/生活/社会活動/組織/産業/制度),"エネルギー, 廃棄物, 再生可能エネルギー, 環境保護, 温室効果ガス, 廃棄物削減, 循環型社会, 地球温暖化, 生態系, バイオマス"
環境配慮,影響 (事柄/事象/現象/自然/生物/社会活動/産業/物質/天候),"環境保護,  再生可能エネルギー,  持続可能性,  リサイクル,  森林伐採,  気候変動,  大気汚染,  生態系,  海洋汚染,  自然資源"
環境配慮,対策 (事柄/事象/現象/自然/物質/社会活動/産業/組織/制度/生活/人造物),"環境保護,  再生可能エネルギー,  削減,  リサイクル,  持続可能,  グリーンテクノロジー,  カーボンフットプリント,  森林保護,  環境影響評価,  エコフレンドリー"
サステナブル経済,背景 (事柄/事象/現象/自然/生物/社会活動/産業/物質/天候),"自然,  生態系,  グリーンエネルギー,  リサイクル,  持続可能性,  環境保護,  カーボンオフセット,  持続不可能,  大気汚染,  持続可能"
サステナブル経済,課題 (事柄/事象/現象/人体・生理・病気/自然/生物/生活/社会活動/組織/産業/制度),"環境保護,  再生可能エネルギー,  バイオマス,  循環経済,  持続可能性,  グリーンビジネス,  リサイクル,  カーボンオフセット,  エコロジカルフットプリント,  リニューアブルエネルギー"
サステナブル経済,影響 (事柄/事象/現象/自然/生物/社会活動/産業/物質/天候),"事柄,  事象,  現象,  自然,  生物,  社会活動,  産業,  物質,  天候  , sustainability,  economy,  impact,  environment,  biodiversity,  community,  industry,  resources,  climate"
サステナブル経済,対策 (事柄/事象/現象/自然/物質/社会活動/産業/組織/制度/生活/人造物),"環境保護,  再生可能エネルギー,  リサイクル,  持続可能性,  グリーンビジネス,  カーボンオフセット,  エコロジカルフットプリント,  バイオマス,  フェアトレード,  コーポレートソーシャルレスポンシビリティ"
グリーンテクノロジー,背景 (事柄/事象/現象/自然/生物/社会活動/産業/物質/天候),"グリーンテクノロジー,  環境保護,  再生可能エネルギー,  持続可能性,  エコシステム,  バイオディーゼル,  ソーラーパネル,  リサイクル,  エコフレンドリー,  カーボンニュートラル"
グリーンテクノロジー,課題 (事柄/事象/現象/人体・生理・病気/自然/生物/生活/社会活動/組織/産業/制度),"持続可能性,  再生可能エネルギー,  カーボンフットプリント,  リサイクル,  エネルギー効率,  水資源,  持続可能な開発,  環境保護,  グリーンビルディング,  大気汚染"
グリーンテクノロジー,影響 (事柄/事象/現象/自然/生物/社会活動/産業/物質/天候),"エネルギー効率,  再生可能エネルギー,  持続可能性,  環境保護,  グリッド接続,  電動車,  循環型経済,  生物多様性,  ゼロエミッション,  地球温暖化"
グリーンテクノロジー,対策 (事柄/事象/現象/自然/物質/社会活動/産業/組織/制度/生活/人造物),"持続可能性,  再生可能エネルギー,  クリーンテック,  エコフレンドリー,  グリーンビルディング,  環境保護,  循環経済,  カーボンニュートラル,  バイオディーゼル,  リサイクル"
クリーン技術,背景 (事柄/事象/現象/自然/生物/社会活動/産業/物質/天候),"技術,  環境,  イノベーション,  再生可能エネルギー,  持続可能性,  汚染,  レサイクル,  エコロジー,  グリーン,  資源効率"
クリーン技術,課題 (事柄/事象/現象/人体・生理・病気/自然/生物/生活/社会活動/組織/産業/制度),排出削減、リサイクル、再利用、省エネルギー、環境負荷、持続可能性、廃棄物処理、二酸化炭素削減、再生可能エネルギー、環境保護
クリーン技術,影響 (事柄/事象/現象/自然/生物/社会活動/産業/物質/天候),"クリーン技術, 環境保護, 再生可能エネルギー, 廃棄物削減, 省エネルギー, 大気汚染, リサイクル, 持続可能性, 排出削減, 環境規制"
クリーン技術,対策 (事柄/事象/現象/自然/物質/社会活動/産業/組織/制度/生活/人造物),"クリーンエネルギー,  再生可能エネルギー,  持続可能性,  環境保護,  CO2削減,  リサイクル,  環境規制,  非化石燃料,  温室効果ガス,  環境配慮"
再エネ技術,背景 (事柄/事象/現象/自然/生物/社会活動/産業/物質/天候),"再生可能エネルギー,  温室効果ガス,  持続可能性,  クリーンエネルギー,  炭素排出,  グリーンテクノロジー,  エコノミー,  気候変動,  イノベーション,  グリッド統合"
再エネ技術,課題 (事柄/事象/現象/人体・生理・病気/自然/生物/生活/社会活動/組織/産業/制度),"再エネルギー,  太陽光発電,  風力発電,  蓄電技術,  グリッド接続,  廃棄物削減,  持続可能性,  インフラ整備,  システム効率,  普及促進"
再エネ技術,影響 (事柄/事象/現象/自然/生物/社会活動/産業/物質/天候),"再生可能エネルギー,  ソーラーパネル,  風力発電,  グリッド接続,  貯蔵技術,  太陽光発電,  電力需要,  グリーンエネルギー,  バイオマス,  エネルギー効率"
再エネ技術,対策 (事柄/事象/現象/自然/物質/社会活動/産業/組織/制度/生活/人造物),"再生可能エネルギー,  太陽光発電,  風力発電,  バイオマス,  水力発電,  地熱,  潮力,  グリッド連携,  貯蔵技術,  スマートグリッド"
脱プラスチック,背景 (事柄/事象/現象/自然/生物/社会活動/産業/物質/天候),"環境,  プラスチック,  汚染,  リサイクル,  海洋,  マイクロプラスチック,  化石燃料,  持続可能性,  ポリエチレン,  プラスチックフリー"
脱プラスチック,課題 (事柄/事象/現象/人体・生理・病気/自然/生物/生活/社会活動/組織/産業/制度),"廃プラスチック,  リサイクル,  環境問題,  持続可能性,  海洋汚染,  再利用,  環境保護,  マイクロプラスチック,  資源枯渇,  環境規制"
脱プラスチック,影響 (事柄/事象/現象/自然/生物/社会活動/産業/物質/天候),"プラスチック,  環境,  マイクロプラスチック,  リサイクル,  水質汚染,  海洋生物,  化石燃料,  持続可能性,  ポリエチレン,  環境法規"
脱プラスチック,対策 (事柄/事象/現象/自然/物質/社会活動/産業/組織/制度/生活/人造物),"リサイクル,  バイオマス,  環境保護,  再生可能エネルギー,  リユース,  ゼロウェイスト,  サステナビリティ,  エコフレンドリー,  カーボンフットプリント,  バイオデグレータブル"
気候財政,背景 (事柄/事象/現象/自然/生物/社会活動/産業/物質/天候),"気候変動,  財政支出,  エネルギー政策,  経済成長,  環境保護,  持続可能性,  森林伐採,  温室効果ガス,  再生可能エネルギー,  地球温暖化"
気候財政,課題 (事柄/事象/現象/人体・生理・病気/自然/生物/生活/社会活動/組織/産業/制度),"気候変動,  カーボンニュートラル,  再生可能エネルギー,  持続可能性,  環境保護,  グリーンテクノロジー,  エコロジカルフットプリント,  気候変動適応,  温室効果ガス,  グリーンファイナンス"
気候財政,影響 (事柄/事象/現象/自然/生物/社会活動/産業/物質/天候),"気候変動,  財政赤字,  環境保護,  地球温暖化,  経済成長,  温室効果ガス,  持続可能性,  グリーンエネルギー,  森林伐採,  カーボンオフセット"
気候財政,対策 (事柄/事象/現象/自然/物質/社会活動/産業/組織/制度/生活/人造物),"気候変動,  温室効果ガス,  再生可能エネルギー,  持続可能性,  カーボンオフセット,  バイオマス,  グリーンテクノロジー,  持続可能な開発,  エコフレンドリー,  レジリエンス"
気候資金,背景 (事柄/事象/現象/自然/生物/社会活動/産業/物質/天候),"気候変動,  温室効果ガス,  持続可能性,  再生可能エネルギー,  森林破壊,  経済成長,  現地コミュニティ,  グリーンテクノロジー,  海洋汚染,  絶滅危惧種"
気候資金,課題 (事柄/事象/現象/人体・生理・病気/自然/生物/生活/社会活動/組織/産業/制度),"資金,  エコシステム,  再生可能エネルギー,  治水,  持続可能性,  需要削減,  森林保護,  経済成長,  脱炭素化,  災害対策"
気候資金,影響 (事柄/事象/現象/自然/生物/社会活動/産業/物質/天候),"気候変動,  温暖化,  極端気象,  海面上昇,  炭素排出,  持続可能性,  生態系,  農業,  エネルギー効率,  森林保護"
気候資金,対策 (事柄/事象/現象/自然/物質/社会活動/産業/組織/制度/生活/人造物),"気候変動,  再生可能エネルギー,  持続可能性,  温室効果ガス,  森林保護,  海洋保護,  再利用,  バイオ燃料,  カーボンオフセット,  グリーンテクノロジー"
気候リスク,背景 (事柄/事象/現象/自然/生物/社会活動/産業/物質/天候),"気候変動,  温室効果ガス,  化石燃料,  森林伐採,  海面上昇,  気温上昇,  災害リスク,  持続可能性,  エコシステム,  環境保護"
気候リスク,課題 (事柄/事象/現象/人体・生理・病気/自然/生物/生活/社会活動/組織/産業/制度),"気候変動,  災害,  干ばつ,  洪水,  飢饉,  森林火災,  経済影響,  食糧安全保障,  健康リスク,  移民"
気候リスク,影響 (事柄/事象/現象/自然/生物/社会活動/産業/物質/天候),"気候変動,  洪水,  干ばつ,  熱波,  嵐,  海面上昇,  雹,  雨量増加,  乾燥,  多雨"
気候リスク,対策 (事柄/事象/現象/自然/物質/社会活動/産業/組織/制度/生活/人造物),"事業継続性,  災害復旧,  インフラストラクチャー,  リスクアセスメント,  持続可能性,  防災対策,  レジリエンス,  緊急事態対応,  気候変動適応,  災害リスク管理"
気候レジリエンス,背景 (事柄/事象/現象/自然/生物/社会活動/産業/物質/天候),"気候変動,  適応,  災害リスク,  持続可能,  気候適応力,  復旧力,  環境変動,  持続可能性,  自然災害,  予防措置"
気候レジリエンス,課題 (事柄/事象/現象/人体・生理・病気/自然/生物/生活/社会活動/組織/産業/制度),"気候変動,  災害リスク,  持続可能性,  適応策,  自然災害,  二酸化炭素排出,  海面上昇,  生態系,  食料安全保障,  経済影響"
気候レジリエンス,影響 (事柄/事象/現象/自然/生物/社会活動/産業/物質/天候),"気候変動,  防災,  持続可能性,  適応能力,  復興,  災害対策,  持続可能な開発,  緊急事態,  災害復旧,  災害リスク"
気候レジリエンス,対策 (事柄/事象/現象/自然/物質/社会活動/産業/組織/制度/生活/人造物),"気候変動,  災害対策,  持続可能性,  適応能力,  リスク管理,  環境保護,  インフラ整備,  農業技術,  グリーンエネルギー,  地域協力"
グリーンリカバリー,背景 (事柄/事象/現象/自然/生物/社会活動/産業/物質/天候),"自然,  持続可能性,  環境,  再利用,  リサイクル,  エコロジカル,  森林,  生態系,  地球温暖化,  生物多様性"
グリーンリカバリー,課題 (事柄/事象/現象/人体・生理・病気/自然/生物/生活/社会活動/組織/産業/制度),"課題,  環境,  リサイクル,  可持続性,  再生可能エネルギー,  採掘,  持続可能性,  森林破壊,  大気汚染,  地球温暖化"
グリーンリカバリー,影響 (事柄/事象/現象/自然/生物/社会活動/産業/物質/天候),"事柄,  事象,  現象,  自然,  生物,  社会活動,  産業,  物質,  天候  , エネルギー,  環境,  リサイクル,  再利用,  持続可能性,  グリーンテクノロジー,  温室効果ガス,  持続可能な開発,  環境保護,  バイオディーゼル"
グリーンリカバリー,対策 (事柄/事象/現象/自然/物質/社会活動/産業/組織/制度/生活/人造物),"再利用,  再生,  環境保護,  リサイクル,  CO2削減,  持続可能性,  資源削減,  廃棄物削減,  エコロジー,  グリーンテクノロジー"
ネイチャーポジティブ,背景 (事柄/事象/現象/自然/生物/社会活動/産業/物質/天候),"自然,  健康,  幸福,  緑,  森林,  エコシステム,  リサイクル,  持続可能,  グリーンライフ,  再生可能"
ネイチャーポジティブ,課題 (事柄/事象/現象/人体・生理・病気/自然/生物/生活/社会活動/組織/産業/制度),"自然,  マイクロビオーム,  環境,  バイオフィリア,  森林浴,  リワイルド,  バイオフィリックデザイン,  グリーンインフラ,  アウトドアセラピー,  グリーンエクササイズ"
ネイチャーポジティブ,影響 (事柄/事象/現象/自然/生物/社会活動/産業/物質/天候),"事柄,  事象,  現象,  自然,  生物,  社会活動,  産業,  物質,  天候, 快適,  幸福,  楽観,  多様性,  生態系,  持続可能性,  再生可能エネルギー,  環境保護,  再利用,  温暖化"
ネイチャーポジティブ,対策 (事柄/事象/現象/自然/物質/社会活動/産業/組織/制度/生活/人造物),"自然,  植物,  森林,  空気,  水,  地球,  循環,  環境保護,  リサイクル,  エコロジー"
炭素市場,背景 (事柄/事象/現象/自然/生物/社会活動/産業/物質/天候),"炭素,  温室効果ガス,  カーボンニュートラル,  森林保護,  持続可能性,  エネルギー効率,  再生可能エネルギー,  脱炭素化,  排出枠,  グリーンファイナンス"
炭素市場,課題 (事柄/事象/現象/人体・生理・病気/自然/生物/生活/社会活動/組織/産業/制度),"排出量取引,  カーボンニュートラル,  持続可能性,  森林保全,  クリーンエネルギー,  地球温暖化,  パリ協定,  持続可能な開発目標,  再生可能エネルギー,  炭素税"
炭素市場,影響 (事柄/事象/現象/自然/生物/社会活動/産業/物質/天候),"炭素,  CO2排出,  気候変動,  森林破壊,  グリーンハウスガス,  持続可能,  再生可能エネルギー,  脱炭素,  カーボンオフセット,  グリーンビルディング"
炭素市場,対策 (事柄/事象/現象/自然/物質/社会活動/産業/組織/制度/生活/人造物),"炭素排出,  カーボンニュートラル,  持続可能性,  クリーンエネルギー,  再生可能エネルギー,  グリーンテクノロジー,  カーボンオフセット,  ローカルフード,  ゼロエミッション,  サーキュラーエコノミー"
カーボンクレジット,背景 (事柄/事象/現象/自然/生物/社会活動/産業/物質/天候),"カーボンクレジット, 炭素排出量, 排出削減, 持続可能性, 林業プロジェクト, 二酸化炭素吸収, 再生可能エネルギー, 排出権取引, 気候変動対策, 地球温暖化"
カーボンクレジット,課題 (事柄/事象/現象/人体・生理・病気/自然/生物/生活/社会活動/組織/産業/制度),排出、削減、地球温暖化、再生可能エネルギー、持続可能、パリ協定、気候変動、節約、炭素税、環境保護
カーボンクレジット,影響 (事柄/事象/現象/自然/生物/社会活動/産業/物質/天候),"カーボン,  グリーン,  温室効果ガス,  持続可能性,  エミッション,  レジリエンス,  持続可能な開発目標,  パリ協定,  森林保護,  再生可能エネルギー"
カーボンクレジット,対策 (事柄/事象/現象/自然/物質/社会活動/産業/組織/制度/生活/人造物),"排出削減,  持続可能性,  グリーンエネルギー,  森林保護,  再生可能エネルギー,  持続可能な開発,  炭素オフセット,  脱炭素化,  クリーンテクノロジー,  持続可能なライフスタイル"
エコシステム,背景 (事柄/事象/現象/自然/生物/社会活動/産業/物質/天候),"生態系,  食物連鎖,  多様性,  気候変動,  人間活動,  持続可能性,  生息地,  生態的相互作用,  種の相互依存,  環境保護"
エコシステム,課題 (事柄/事象/現象/人体・生理・病気/自然/生物/生活/社会活動/組織/産業/制度),"生態系,  破壊,  汚染,  乱獲,  気候変動,  侵略的外来種,  生物多様性,  バランス,  森林伐採,  水資源"
エコシステム,影響 (事柄/事象/現象/自然/生物/社会活動/産業/物質/天候),"エコシステム,  影響,  事柄,  事象,  現象,  自然,  生物,  社会活動,  産業,  物質,  天候"
エコシステム,対策 (事柄/事象/現象/自然/物質/社会活動/産業/組織/制度/生活/人造物),"環境保護,  再生可能エネルギー,  生態系,  持続可能性,  バイオダイバーシティ,  二酸化炭素削減,  リサイクル,  持続可能な開発,  森林保全,  水資源管理"
ネガティブエミッション,背景 (事柄/事象/現象/自然/生物/社会活動/産業/物質/天候),"貧困,  病気,  災害,  破壊,  汚染,  犯罪,  戦争,  人権侵害,  絶滅,  不平等"
ネガティブエミッション,課題 (事柄/事象/現象/人体・生理・病気/自然/生物/生活/社会活動/組織/産業/制度),不安、ストレス、抑うつ、孤独、絶望、悲観、苦痛、憂鬱、負荷、引きこもり
ネガティブエミッション,影響 (事柄/事象/現象/自然/生物/社会活動/産業/物質/天候),"影響,  汚染,  環境破壊,  健康,  大気汚染,  温室効果ガス,  森林破壊,  塵芥問題,  生態系変化,  二酸化硫黄"
ネガティブエミッション,対策 (事柄/事象/現象/自然/物質/社会活動/産業/組織/制度/生活/人造物),"ネガティブ,  エミッション,  対策,  環境,  グリーン,  テクノロジー,  再生可能エネルギー,  カーボンフットプリント,  削減,  持続可能"
気候科学,背景 (事柄/事象/現象/自然/生物/社会活動/産業/物質/天候),"気候変動,  温室効果ガス,  気温上昇,  化石燃料,  森林伐採,  海面上昇,  災害リスク,  持続可能性,  再生可能エネルギー,  地球温暖化"
気候科学,課題 (事柄/事象/現象/人体・生理・病気/自然/生物/生活/社会活動/組織/産業/制度),"気候変動,  温室効果ガス,  二酸化炭素,  森林伐採,  持続可能性,  海面上昇,  災害リスク,  水資源管理,  気候変動対策,  再生可能エネルギー"
気候科学,影響 (事柄/事象/現象/自然/生物/社会活動/産業/物質/天候),"気候変動,  温暖化,  災害,  適応,  持続可能性,  二酸化炭素,  海面上昇,  熱帯低気圧,  降水量,  乾燥化"
気候科学,対策 (事柄/事象/現象/自然/物質/社会活動/産業/組織/制度/生活/人造物),"気温,  二酸化炭素,  水循環,  森林伐採,  再生可能エネルギー,  地球温暖化,  災害対策,  持続可能性,  環境保護,  持続可能な開発"
地球科学,背景 (事柄/事象/現象/自然/生物/社会活動/産業/物質/天候),"自然,  地震,  気候変動,  岩石,  生態系,  鉱物,  洪水,  地形,  地質,  炭素循環"
地球科学,課題 (事柄/事象/現象/人体・生理・病気/自然/生物/生活/社会活動/組織/産業/制度),"地質力学,  地球内部構造,  気候変動,  地形変化,  生態系,  地質調査,  水循環,  大気汚染,  鉱物資源,  災害予防"
地球科学,影響 (事柄/事象/現象/自然/生物/社会活動/産業/物質/天候),"事柄,  事象,  現象,  自然,  生物,  社会活動,  産業,  物質,  天候  , 地殻変動,  洪水,  雷,  地震,  森林,  都市化,  鉱業,  地球,  台風"
地球科学,対策 (事柄/事象/現象/自然/物質/社会活動/産業/組織/制度/生活/人造物),"地球温暖化,  気候変動,  持続可能性,  環境保護,  再生可能エネルギー,  生態系,  防災対策,  自然資源,  循環型社会,  持続可能な開発"
気象学,背景 (事柄/事象/現象/自然/生物/社会活動/産業/物質/天候),"気温,  湿度,  風速,  気圧,  雲,  降水量,  季節,  温帯,  寒冷前線,  熱帯低気圧"
気象学,課題 (事柄/事象/現象/人体・生理・病気/自然/生物/生活/社会活動/組織/産業/制度),"気圧,  湿度,  温度,  風向,  降水量,  台風,  前線,  高気圧,  低気圧,  霧"
気象学,影響 (事柄/事象/現象/自然/生物/社会活動/産業/物質/天候),"気圧,  湿度,  気温,  風速,  降水量,  雲量,  地球温暖化,  台風,  霧,  暴風"
気象学,対策 (事柄/事象/現象/自然/物質/社会活動/産業/組織/制度/生活/人造物),"気象データ,  大気循環,  気候変動,  気象予測,  気象災害,  水蒸気,  風速,  湿度,  温度,  雲量"
温暖化ガス削減,背景 (事柄/事象/現象/自然/生物/社会活動/産業/物質/天候),"温室効果ガス,  化石燃料,  森林破壊,  持続可能性,  エネルギー効率,  再生可能エネルギー,  大気汚染,  持続可能な開発,  カーボンフットプリント,  海洋酸性化"
温暖化ガス削減,課題 (事柄/事象/現象/人体・生理・病気/自然/生物/生活/社会活動/組織/産業/制度),"二酸化炭素,  森林伐採,  再生可能エネルギー,  パリ協定,  持続可能性,  適応策,  グリーンテクノロジー,  カーボンオフセット,  エネルギー効率,  プライベートセクター"
温暖化ガス削減,影響 (事柄/事象/現象/自然/生物/社会活動/産業/物質/天候),"影響,  気候変動,  海面上昇,  農作物,  森林,  酸性雨,  観光業,  エネルギー,  ガイガーカウンター,  資源循環"
温暖化ガス削減,対策 (事柄/事象/現象/自然/物質/社会活動/産業/組織/制度/生活/人造物),"温暖化ガス,  削減,  対策,  再生可能エネルギー,  エネルギー効率,  持続可能性,  カーボンニュートラル,  森林保護,  グリーンテクノロジー,  循環経済"
GHG削減,背景 (事柄/事象/現象/自然/生物/社会活動/産業/物質/天候),"気候変動,  温室効果ガス,  持続可能性,  再生可能エネルギー,  森林破壊,  カーボンニュートラル,  循環経済,  持続可能な開発,  エコロジカルフットプリント,  パリ協定"
GHG削減,課題 (事柄/事象/現象/人体・生理・病気/自然/生物/生活/社会活動/組織/産業/制度),"気候変動,  温室効果ガス,  再生可能エネルギー,  持続可能性,  カーボンニュートラル,  持続可能な開発目標,  森林保護,  環境配慮,  グリーンテクノロジー,  エコロジカルフットプリント"
GHG削減,影響 (事柄/事象/現象/自然/生物/社会活動/産業/物質/天候),"気候変動,  温室効果ガス,  持続可能性,  カーボンフットプリント,  再生可能エネルギー,  森林破壊,  海面上昇,  水資源管理,  再利用,  循環経済"
GHG削減,対策 (事柄/事象/現象/自然/物質/社会活動/産業/組織/制度/生活/人造物),"温室効果ガス,  再生可能エネルギー,  カーボンオフセット,  グリーンテクノロジー,  エコロジカルフットプリント,  持続可能な開発,  ローカルフード,  リサイクル,  ゼロエミッション,  グリーンビルディング"
エネルギー政策,背景 (事柄/事象/現象/自然/生物/社会活動/産業/物質/天候),"資源,  石油,  電力,  再生可能エネルギー,  温室効果ガス,  環境保護,  核エネルギー,  需要,  発電所,  地球温暖化"
エネルギー政策,課題 (事柄/事象/現象/人体・生理・病気/自然/生物/生活/社会活動/組織/産業/制度),"地球温暖化,  再生可能エネルギー,  核廃棄物,  エネルギー効率,  化石燃料,  需要管理,  グリーンエネルギー,  電力インフラ,  資源枯渇,  脱炭素社会"
エネルギー政策,影響 (事柄/事象/現象/自然/生物/社会活動/産業/物質/天候),"エネルギー,  政策,  環境,  排出,  温室効果ガス,  再生可能,  依存,  需要,  技術,  資源"
エネルギー政策,対策 (事柄/事象/現象/自然/物質/社会活動/産業/組織/制度/生活/人造物),"再生可能エネルギー,  温暖化,  エネルギー効率,  脱炭素社会,  グリーンエネルギー,  原子力,  カーボンニュートラル,  自然エネルギー,  持続可能性,  エネルギーマネジメント"
炭素価格,背景 (事柄/事象/現象/自然/生物/社会活動/産業/物質/天候),"炭素,  温室効果ガス,  排出量削減,  持続可能性,  エネルギー,  森林,  地球温暖化,  グリーンエネルギー,  環境政策,  持続可能な開発"
炭素価格,課題 (事柄/事象/現象/人体・生理・病気/自然/生物/生活/社会活動/組織/産業/制度),"二酸化炭素,  温室効果ガス,  グリーンハウスガス,  気候変動,  持続可能性,  環境負荷,  カーボンオフセット,  エネルギー効率,  再生可能エネルギー,  持続可能な開発"
炭素価格,影響 (事柄/事象/現象/自然/生物/社会活動/産業/物質/天候),"炭素,  温室効果ガス,  エネルギー,  持続可能性,  森林,  カーボンフットプリント,  再生可能エネルギー,  製造業,  脱炭素化,  地球温暖化"
炭素価格,対策 (事柄/事象/現象/自然/物質/社会活動/産業/組織/制度/生活/人造物),炭素排出、二酸化炭素削減、クリーンエネルギー、リサイクル、持続可能性、再生可能エネルギー、カーボンオフセット、省エネルギー、再利用、森林保護
持続可能な都市,背景 (事柄/事象/現象/自然/生物/社会活動/産業/物質/天候),"都市,  環境,  再生可能エネルギー,  ごみ,  公共交通機関,  リサイクル,  緑地,  エコロジカル,  交通渋滞,  持続可能"
持続可能な都市,課題 (事柄/事象/現象/人体・生理・病気/自然/生物/生活/社会活動/組織/産業/制度),"持続可能性,  再生可能エネルギー,  廃棄物削減,  公共交通機関,  緑の空間,  リサイクル,  エコフレンドリー,  カーボンフットプリント,  水資源管理,  資源循環"
持続可能な都市,影響 (事柄/事象/現象/自然/生物/社会活動/産業/物質/天候),"事柄,  事象,  現象,  自然,  生物,  社会活動,  産業,  物質,  天候"
持続可能な都市,対策 (事柄/事象/現象/自然/物質/社会活動/産業/組織/制度/生活/人造物),"持続可能性,  再生可能エネルギー,  リサイクル,  カーボンニュートラル,  グリーンインフラ,  グリーンビルディング,  交通渋滞,  公共交通機関,  食料自給,  エコツーリズム"
スマートシティ,背景 (事柄/事象/現象/自然/生物/社会活動/産業/物質/天候),"サステナビリティ,  IoT,  データ解析,  人工知能,  モビリティ,  エネルギー効率,  交通インフラ,  環境保護,  コミュニケーションテクノロジー,  資源管理"
スマートシティ,課題 (事柄/事象/現象/人体・生理・病気/自然/生物/生活/社会活動/組織/産業/制度),"効率化,  持続可能性,  データ収集,  交通渋滞,  センサー技術,  エネルギー効率,  計画立案,  スマートグリッド,  サイバーセキュリティ,  モビリティ"
スマートシティ,影響 (事柄/事象/現象/自然/生物/社会活動/産業/物質/天候),"スマートシティ,  デジタルツイン,  クラウドコンピューティング,  インターネット・オブ・シングス,  ビッグデータ,  センサー,  モビリティ,  エネルギー効率,  サステイナビリティ,  スマートグリッド"
スマートシティ,対策 (事柄/事象/現象/自然/物質/社会活動/産業/組織/制度/生活/人造物),"スマートテクノロジー,  データ分析,  モビリティ,  インフラストラクチャー,  エネルギー効率,  サステイナビリティ,  センサーネットワーク,  コネクティビティ,  クラウドコンピューティング,  AI制御"
ゼロエミッション,背景 (事柄/事象/現象/自然/生物/社会活動/産業/物質/天候),"気候,  温室効果ガス,  再生可能エネルギー,  持続可能性,  カーボンニュートラル,  循環型社会,  持続可能な開発,  グリーンテクノロジー,  グリーンハウス効果,  環境負荷"
ゼロエミッション,課題 (事柄/事象/現象/人体・生理・病気/自然/生物/生活/社会活動/組織/産業/制度),"再生可能エネルギー,  カーボンニュートラル,  持続可能性,  温室効果ガス,  環境保護,  資源循環,  持続可能な開発,  グリーンテクノロジー,  持続可能な都市,  クリーンエネルギー"
ゼロエミッション,影響 (事柄/事象/現象/自然/生物/社会活動/産業/物質/天候),"ゼロエミッション,  再生可能エネルギー,  カーボンニュートラル,  持続可能性,  森林保護,  循環経済,  グリーンテクノロジー,  炭素排出,  温室効果ガス,  気候変動"
ゼロエミッション,対策 (事柄/事象/現象/自然/物質/社会活動/産業/組織/制度/生活/人造物),"省エネルギー,  再生可能エネルギー,  カーボンニュートラル,  マイクログリッド,  グリーンテクノロジー,  エコモビリティ,  サステナビリティ,  クリーンエネルギー,  グリッド接続,  エコロジカルデザイン"
自然回復力,背景 (事柄/事象/現象/自然/生物/社会活動/産業/物質/天候),"自然,  生物,  環境,  バランス,  リサイクル,  再生,  多様性,  適応,  持続可能性,  調和"
自然回復力,課題 (事柄/事象/現象/人体・生理・病気/自然/生物/生活/社会活動/組織/産業/制度),"自然,  生態系,  免疫,  レジリエンス,  健康,  緩和,  回復,  バランス,  維持,  強化"
自然回復力,影響 (事柄/事象/現象/自然/生物/社会活動/産業/物質/天候),"事柄,  事象,  現象,  自然,  生物,  社会活動,  産業,  物質,  天候  "
自然回復力,対策 (事柄/事象/現象/自然/物質/社会活動/産業/組織/制度/生活/人造物),"対策,  予防,  健康,  緊急,  復旧,  再生,  保護,  持続可能,  環境,  リサイクル"
再エネ拡大,背景 (事柄/事象/現象/自然/生物/社会活動/産業/物質/天候),"再エネルギー,  温室効果ガス,  持続可能性,  再生可能エネルギー源,  環境保護,  気候変動,  カーボンニュートラル,  グリーンエネルギー,  バイオマス,  太陽光発電"
再エネ拡大,課題 (事柄/事象/現象/人体・生理・病気/自然/生物/生活/社会活動/組織/産業/制度),"再エネルギー,  再生可能エネルギー,  太陽光発電,  風力発電,  水力発電,  バイオマス,  地熱,  グリッド接続,  買取価格制度,  エネルギー貯蔵"
再エネ拡大,影響 (事柄/事象/現象/自然/生物/社会活動/産業/物質/天候),"再エネルギー,  資源,  環境,  温室効果ガス,  発電,  施設,  グリーンテクノロジー,  蓄電池,  クリーンエネルギー,  CO2排出"
再エネ拡大,対策 (事柄/事象/現象/自然/物質/社会活動/産業/組織/制度/生活/人造物),"再エネルギー,  再生可能エネルギー,  太陽光発電,  風力発電,  バイオマス,  水力発電,  ジオサーマル,  地熱エネルギー,  水素エネルギー,  マイクログリッド"
再エネ比率,背景 (事柄/事象/現象/自然/生物/社会活動/産業/物質/天候),"再エネルギー比率,  再生可能エネルギー,  温室効果ガス,  持続可能性,  クリーンエネルギー,  カーボンニュートラル,  電力需要,  グリーンエネルギー,  エネルギー効率,  自然資源"
再エネ比率,課題 (事柄/事象/現象/人体・生理・病気/自然/生物/生活/社会活動/組織/産業/制度),"再生可能エネルギー,  温室効果ガス,  カーボンニュートラル,  グリーンエネルギー,  持続可能性,  クリーンエネルギー,  エネルギー効率,  バイオマス,  太陽光発電,  風力発電"
再エネ比率,影響 (事柄/事象/現象/自然/生物/社会活動/産業/物質/天候),"再生可能エネルギー,  グリーンエネルギー,  カーボンフットプリント,  環境負荷,  持続可能性,  カーボンニュートラル,  エコロジカルフットプリント,  温室効果ガス,  持続可能な開発,  資源の有効利用"
再エネ比率,対策 (事柄/事象/現象/自然/物質/社会活動/産業/組織/制度/生活/人造物),"再エネルギー,  エネルギー効率,  再生可能エネルギー,  排出削減,  環境保護,  グリーンテクノロジー,  持続可能性,  カーボンニュートラル,  ゼロエミッション,  リサイクル"
緑のインフラ,背景 (事柄/事象/現象/自然/生物/社会活動/産業/物質/天候),"自然,  環境保護,  再生可能エネルギー,  持続可能性,  グリーンテクノロジー,  カーボンニュートラル,  低炭素,  バイオマス,  ソーラーパネル,  風力発電"
緑のインフラ,課題 (事柄/事象/現象/人体・生理・病気/自然/生物/生活/社会活動/組織/産業/制度),"緑化,  都市計画,  CO2削減,  再生可能エネルギー,  地域防災,  生態系保護,  持続可能性,  環境保護,  資源循環,  持続可能な開発"
緑のインフラ,影響 (事柄/事象/現象/自然/生物/社会活動/産業/物質/天候),"環境,  都市,  温室効果ガス,  再生可能エネルギー,  持続可能性,  道路,  公園,  雨水管理,  グリーンビルディング,  環境配慮"
緑のインフラ,対策 (事柄/事象/現象/自然/物質/社会活動/産業/組織/制度/生活/人造物),"環境保護,  再生可能エネルギー,  グリーンビルディング,  持続可能性,  バイオディーゼル,  グリーンテクノロジー,  エコフレンドリー,  ゼロエミッション,  カーボンフットプリント,  再生資源"
気候適応技術,背景 (事柄/事象/現象/自然/生物/社会活動/産業/物質/天候),"気候変動,  環境影響,  防災施策,  地球温暖化,  持続可能性,  災害対応,  資源管理,  気候予測,  緊急避難計画,  循環型経済"
気候適応技術,課題 (事柄/事象/現象/人体・生理・病気/自然/生物/生活/社会活動/組織/産業/制度),"気候変動,  地球温暖化,  洪水,  干ばつ,  食糧安全保障,  森林破壊,  生態系,  エネルギー効率,  再生可能エネルギー,  経済影響"
気候適応技術,影響 (事柄/事象/現象/自然/生物/社会活動/産業/物質/天候),"気候変動,  農業,  森林,  水資源,  エネルギー,  都市計画,  災害対策,  海洋,  経済,  教育"
気候適応技術,対策 (事柄/事象/現象/自然/物質/社会活動/産業/組織/制度/生活/人造物),"気候変動,  予測,  適応策,  環境保護,  再生可能エネルギー,  防災対策,  持続可能性,  低炭素,  臨床,  城市計画"
都市気候,背景 (事柄/事象/現象/自然/生物/社会活動/産業/物質/天候),"気温,  湿度,  風,  雨量,  汚染,  都市化,  交通量,  建築密度,  緑地率,  照明"
都市気候,課題 (事柄/事象/現象/人体・生理・病気/自然/生物/生活/社会活動/組織/産業/制度),"都市計画,  熱島現象,  交通渋滞,  大気汚染,  都市化,  地盤沈下,  建設規制,  再生可能エネルギー,  都市緑化,  防災施設"
都市気候,影響 (事柄/事象/現象/自然/生物/社会活動/産業/物質/天候),"気温,  都市熱島現象,  大気汚染,  雨量,  風速,  湿度,  土地利用,  熱波,  冷え込み,  降雪"
都市気候,対策 (事柄/事象/現象/自然/物質/社会活動/産業/組織/制度/生活/人造物),"気温,  湿度,  都市緑化,  エコシステム,  冷房,  公共交通機関,  建築規制,  再生可能エネルギー,  防災対策,  人口密度"
クリーン開発メカニズム,背景 (事柄/事象/現象/自然/生物/社会活動/産業/物質/天候),"開発,  エネルギー,  環境,  持続可能性,  削減,  資源,  協力,  技術,  政策,  イノベーション"
クリーン開発メカニズム,課題 (事柄/事象/現象/人体・生理・病気/自然/生物/生活/社会活動/組織/産業/制度),"持続可能性,  エネルギー効率,  資源枯渇,  炭素排出,  環境汚染,  再生可能エネルギー,  グリーンテクノロジー,  循環経済,  持続可能な開発,  クリーンエネルギー"
クリーン開発メカニズム,影響 (事柄/事象/現象/自然/生物/社会活動/産業/物質/天候),"クリーンエネルギー,  再生可能エネルギー,  持続可能性,  環境保護,  バイオマス,  リサイクル,  CO2削減,  グリーンテクノロジー,  ゼロエミッション,  環境配慮"
クリーン開発メカニズム,対策 (事柄/事象/現象/自然/物質/社会活動/産業/組織/制度/生活/人造物),"持続可能性,  再生可能エネルギー,  エコロジカルフットプリント,  環境配慮型,  リサイクル,  カーボンニュートラル,  グリーンテクノロジー,  自然保護,  ゼロエミッション,  バイオディーゼル"
CDM,背景 (事柄/事象/現象/自然/生物/社会活動/産業/物質/天候),"環境,  データ,  モデル,  リスク,  プライバシー,  保護,  規制,  機密性,  連携,  監査"
CDM,課題 (事柄/事象/現象/人体・生理・病気/自然/生物/生活/社会活動/組織/産業/制度),"課題,  データ,  モデル,  マスタデータ,  データ品質,  データ整備,  インポート,  エクスポート,  セキュリティ,  プライバシー"
CDM,影響 (事柄/事象/現象/自然/生物/社会活動/産業/物質/天候),"影響,  データ,  組織,  プロセス,  科学,  パーソナルデータ,  リスク,  要件,  認識,  データサブジェクト"
CDM,対策 (事柄/事象/現象/自然/物質/社会活動/産業/組織/制度/生活/人造物),"対策,  データ保護,  プライバシー,  リスク評価,  コンプライアンス,  セキュリティ対策,  データ管理,  監査,  データ整理,  データフロー"
緑の回廊,背景 (事柄/事象/現象/自然/生物/社会活動/産業/物質/天候),"自然,  植物,  林,  森林,  緑化,  環境,  渓谷,  物質,  生態系,  森林浴"
緑の回廊,課題 (事柄/事象/現象/人体・生理・病気/自然/生物/生活/社会活動/組織/産業/制度),"環境,  植物,  生態系,  森林,  生物多様性,  持続可能性,  再生可能エネルギー,  地球温暖化,  生態学,  環境保護"
緑の回廊,影響 (事柄/事象/現象/自然/生物/社会活動/産業/物質/天候),"環境,  植物,  エコシステム,  森林,  空気,  生態系,  土壌,  水資源,  気候変動,  生物多様性"
緑の回廊,対策 (事柄/事象/現象/自然/物質/社会活動/産業/組織/制度/生活/人造物),"環境保護,  持続可能性,  森林,  生態系,  緑化,  防災,  都市計画,  CO2吸収,  自然保護区,  生物多様性"
ヒートアイランド,背景 (事柄/事象/現象/自然/生物/社会活動/産業/物質/天候),"気温,  都市化,  アスファルト,  温室効果ガス,  森林減少,  車両排ガス,  建物密集,  土地利用変化,  冷房需給,  工場排気"
ヒートアイランド,課題 (事柄/事象/現象/人体・生理・病気/自然/生物/生活/社会活動/組織/産業/制度),"都市化,  温暖化,  熱中症,  植生,  アスファルト,  湾曲,  湿度,  排熱,  冷房,  都市環境"
ヒートアイランド,影響 (事柄/事象/現象/自然/生物/社会活動/産業/物質/天候),"ヒートアイランド, 都市化, 気温上昇, 冷房, アスファルト, ビル群, 温度差, 熱中症, 環境負荷, 緑地"
ヒートアイランド,対策 (事柄/事象/現象/自然/物質/社会活動/産業/組織/制度/生活/人造物),"ヒートアイランド,  対策,  緑化,  再生可能エネルギー,  建物設計,  都市計画,  冷房効率,  水辺利用,  屋上庭園,  交通規制,  再生利用"
エコツーリズム,背景 (事柄/事象/現象/自然/生物/社会活動/産業/物質/天候),"自然,  環境保護,  持続可能性,  観光,  文化,  地域,  教育,  冒険,  地球温暖化,  貧困削減"
エコツーリズム,課題 (事柄/事象/現象/人体・生理・病気/自然/生物/生活/社会活動/組織/産業/制度),"多様性,  保護,  環境,  持続可能性,  文化,  責任,  教育,  コミュニケーション,  協力,  地域"
エコツーリズム,影響 (事柄/事象/現象/自然/生物/社会活動/産業/物質/天候),"自然,  地域,  保護,  文化,  環境,  持続可能性,  地元,  教育,  観光,  ツアー"
エコツーリズム,対策 (事柄/事象/現象/自然/物質/社会活動/産業/組織/制度/生活/人造物),"持続可能性,  環境保護,  文化交流,  地域振興,  保全活動,  教育啓発,  資源管理,  ガイドライン,  公共交通,  地元コミュニティ"
持続可能な観光,背景 (事柄/事象/現象/自然/生物/社会活動/産業/物質/天候),観光、環境、地域、社会、文化、コミュニケーション、資源、持続可能性、教育、経済
持続可能な観光,課題 (事柄/事象/現象/人体・生理・病気/自然/生物/生活/社会活動/組織/産業/制度),"観光地,  環境保護,  CO2排出量,  エコツーリズム,  持続可能性,  生態系,  赤道直下地域,  人口密集地,  資源枯渇,  地元コミュニティ"
持続可能な観光,影響 (事柄/事象/現象/自然/生物/社会活動/産業/物質/天候),"事柄,  事象,  現象,  自然,  生物,  社会活動,  産業,  物質,  天候  "
持続可能な観光,対策 (事柄/事象/現象/自然/物質/社会活動/産業/組織/制度/生活/人造物),"持続可能性,  環境保護,  自然資源,  エコツーリズム,  リサイクル,  カーボンオフセット,  地元コミュニティ,  グリーンエネルギー,  バイオダイバーシティ,  協力関係"
海洋酸性化,背景 (事柄/事象/現象/自然/生物/社会活動/産業/物質/天候),"海洋,  酸性化,  二酸化炭素,  大気,  燃料,  車両,  工場,  農業,  海洋生物,  微生物"
海洋酸性化,課題 (事柄/事象/現象/人体・生理・病気/自然/生物/生活/社会活動/組織/産業/制度),"海洋,  酸性化,  炭酸,  生態系,  サンゴ,  pH,  酸性度,  魚類,  貝類,  海洋生物"
海洋酸性化,影響 (事柄/事象/現象/自然/生物/社会活動/産業/物質/天候),"海洋,  酸性化,  生物,  生態系,  サンゴ,  魚類,  カルシウム,  pH,  海洋循環,  炭酸化"
海洋酸性化,対策 (事柄/事象/現象/自然/物質/社会活動/産業/組織/制度/生活/人造物),"海洋,  酸性化,  対策,  環境,  生態系,  CO2,  温暖化,  草食動物,  サンゴ礁,  研究"
気候予測,背景 (事柄/事象/現象/自然/生物/社会活動/産業/物質/天候),"気候変動,  温室効果ガス,  森林伐採,  海洋表面温度,  二酸化炭素,  持続可能性,  化石燃料,  感染症,  飢餓,  地球温暖化"
気候予測,課題 (事柄/事象/現象/人体・生理・病気/自然/生物/生活/社会活動/組織/産業/制度),"気候変動,  予測モデル,  温暖化,  災害リスク,  気温上昇,  降水量,  対策策定,  持続可能性,  二酸化炭素排出,  森林保護"
気候予測,影響 (事柄/事象/現象/自然/生物/社会活動/産業/物質/天候),"気候変動,  農業,  森林,  海洋,  二酸化炭素,  洪水,  乾燥,  グリーンハウス効果,  地球温暖化,  災害"
気候予測,対策 (事柄/事象/現象/自然/物質/社会活動/産業/組織/制度/生活/人造物),"気候変動,  グリーンエネルギー,  持続可能性,  カーボンオフセット,  再生可能エネルギー,  エコロジカルフットプリント,  森林保護,  温室効果ガス,  バイオマスエネルギー,  プライマリーエネルギー"
気象災害,背景 (事柄/事象/現象/自然/生物/社会活動/産業/物質/天候),"気候,  地形,  水蒸気,  風,  湿度,  熱帯低気圧,  寒冷前線,  洪水,  地震,  火山活動"
気象災害,課題 (事柄/事象/現象/人体・生理・病気/自然/生物/生活/社会活動/組織/産業/制度),"気象変動,  被害,  予防,  防災対策,  避難,  危険,  警報,  被災者,  被災地,  復旧"
気象災害,影響 (事柄/事象/現象/自然/生物/社会活動/産業/物質/天候),"気象災害, 天候, 災害対策, 避難, 警報, 被害, 復旧, 予防, 影響, 危険"
気象災害,対策 (事柄/事象/現象/自然/物質/社会活動/産業/組織/制度/生活/人造物),"気象学,  防災,  防災士,  防災訓練,  避難所,  避難計画,  緊急避難,  防災意識,  防災グッズ,  災害対策"
グリーン社会,背景 (事柄/事象/現象/自然/生物/社会活動/産業/物質/天候),"自然,  環境,  再生可能エネルギー,  持続可能性,  再利用,  カーボンフットプリント,  バイオマス,  太陽光発電,  水循環,  気候変動"
グリーン社会,課題 (事柄/事象/現象/人体・生理・病気/自然/生物/生活/社会活動/組織/産業/制度),"環境保護,  再生可能エネルギー,  持続可能な開発,  バイオマス,  エコロジカルフットプリント,  リサイクル,  持続可能な生活,  気候変動,  生態系,  環境汚染"
グリーン社会,影響 (事柄/事象/現象/自然/生物/社会活動/産業/物質/天候),"自然,  再生可能エネルギー,  持続可能性,  リサイクル,  気候変動,  バイオマス,  エコシステム,  環境保護,  持続可能な開発,  グリーンテクノロジー"
グリーン社会,対策 (事柄/事象/現象/自然/物質/社会活動/産業/組織/制度/生活/人造物),"再生可能エネルギー,  再利用,  バイオディーゼル,  環境保護,  グリーンテクノロジー,  廃棄物削減,  エコロジカルフットプリント,  持続可能性,  グリーンビルディング,  地球温暖化"
気候データ,背景 (事柄/事象/現象/自然/生物/社会活動/産業/物質/天候),"気温,  降水量,  地球温暖化,  気候変動,  温室効果ガス,  動植物の分布,  カーボンフットプリント,  持続可能性,  防災対策,  再生可能エネルギー"
気候データ,課題 (事柄/事象/現象/人体・生理・病気/自然/生物/生活/社会活動/組織/産業/制度),"気候変動,  温暖化,  二酸化炭素,  気温上昇,  再生可能エネルギー,  持続可能性,  森林破壊,  異常気象,  海面上昇,  災害リスク"
気候データ,影響 (事柄/事象/現象/自然/生物/社会活動/産業/物質/天候),"気候変動,  降水量,  温暖化,  洪水,  干ばつ,  暴風,  海面上昇,  適応,  農業,  エネルギー"
気候データ,対策 (事柄/事象/現象/自然/物質/社会活動/産業/組織/制度/生活/人造物),"気候変動,  温暖化,  温室効果ガス,  再生可能エネルギー,  持続可能,  環境保全,  カーボンフットプリント,  温度上昇,  気候対策,  脱炭素"
衛星観測,背景 (事柄/事象/現象/自然/生物/社会活動/産業/物質/天候),"衛星,  観測,  背景,  現象,  自然,  社会活動,  産業,  物質,  天候,  データ"
衛星観測,課題 (事柄/事象/現象/人体・生理・病気/自然/生物/生活/社会活動/組織/産業/制度),"衛星,  観測,  観測データ,  地球,  環境,  気候変動,  林業,  防災,  農業,  都市計画"
衛星観測,影響 (事柄/事象/現象/自然/生物/社会活動/産業/物質/天候),"衛星,  観測,  影響,  現象,  天候,  自然,  環境,  測定,  データ,  分析"
衛星観測,対策 (事柄/事象/現象/自然/物質/社会活動/産業/組織/制度/生活/人造物),"衛星,  観測,  対策,  天候,  災害,  環境,  監視,  データ,  分析,  改善"
気象レーダー,背景 (事柄/事象/現象/自然/生物/社会活動/産業/物質/天候),"天候,  気象,  降水,  雨雲,  動態,  大気,  シャワー,  情報量,  観測,  レーダー"
気象レーダー,課題 (事柄/事象/現象/人体・生理・病気/自然/生物/生活/社会活動/組織/産業/制度),"降水量,  雷雲,  気温分布,  風向,  レーダーエコー,  雲量,  湿度,  降雪,  大気圧,  台風"
気象レーダー,影響 (事柄/事象/現象/自然/生物/社会活動/産業/物質/天候),"気象学,  レーダー,  降水,  雨量,  雷雲,  風速,  気温,  湿度,  天気予報,  豪雨"
気象レーダー,対策 (事柄/事象/現象/自然/物質/社会活動/産業/組織/制度/生活/人造物),"気象レーダー,  観測,  予測,  データ解析,  防災,  天候予報,  災害対策,  警報発令,  防災訓練,  高解像度"
持続可能な農業,背景 (事柄/事象/現象/自然/生物/社会活動/産業/物質/天候),"自然,  農地,  循環,  多様性,  有機,  生態系,  環境,  資源,  再生可能,  地域性"
持続可能な農業,課題 (事柄/事象/現象/人体・生理・病気/自然/生物/生活/社会活動/組織/産業/制度),"水不足,  農薬残留,  地力低下,  気候変動,  資源枯渇,  農業土地喪失,  種の減少,  動植物の生息地減少,  漁業過剰漁獲,  異常気象"
持続可能な農業,影響 (事柄/事象/現象/自然/生物/社会活動/産業/物質/天候),"農業,  環境,  生態系,  可持続性,  枯渇,  多様性,  果実,  肥料,  輸送,  持続可能"
持続可能な農業,対策 (事柄/事象/現象/自然/物質/社会活動/産業/組織/制度/生活/人造物),"持続可能性,  農薬,  有機栽培,  環境保護,  資源管理,  再生可能エネルギー,  地域貢献,  バイオダイバーシティ,  水資源管理,  CO2排出削減"
有機農業,背景 (事柄/事象/現象/自然/生物/社会活動/産業/物質/天候),"有機農業,  無農薬,  土壌,  生態系,  持続可能,  天然資源,  循環,  農薬残留,  品質管理,  生物多様性"
有機農業,課題 (事柄/事象/現象/人体・生理・病気/自然/生物/生活/社会活動/組織/産業/制度),"有機栽培,  持続可能性,  農薬,  肥料,  土壌劣化,  遺伝子組み換え,  品質管理,  資源管理,  循環型農業,  有機食品"
有機農業,影響 (事柄/事象/現象/自然/生物/社会活動/産業/物質/天候),"有機農業, 環境保護, 持続可能性, 有機肥料, 農薬不使用, 土壌改良, 生態系, 有害物質削減, 生物多様性, 地元コミュニティ"
有機農業,対策 (事柄/事象/現象/自然/物質/社会活動/産業/組織/制度/生活/人造物),"有機農法,  農薬不使用,  自然肥料,  循環農法,  有機JAS認定,  地産地消,  有機資材,  有機農業法,  有機栽培,  有機食品"
土壌保全,背景 (事柄/事象/現象/自然/生物/社会活動/産業/物質/天候),"自然,  耕作,  潅漑,  土壌侵食,  農薬,  酸性雨,  森林破壊,  乾燥化,  多角化,  環境保護"
土壌保全,課題 (事柄/事象/現象/人体・生理・病気/自然/生物/生活/社会活動/組織/産業/制度),"土壌劣化,  持続可能性,  適切な利用,  環境汚染,  水保全,  農業生産性,  土地利用,  森林破壊,  土壌浸食,  農薬使用"
土壌保全,影響 (事柄/事象/現象/自然/生物/社会活動/産業/物質/天候),"事柄, 事象, 現象, 自然, 生物, 社会活動, 産業, 物質, 天候, 気候変動, 土壌劣化, 環境汚染, 地盤沈下, 森林破壊, 農薬使用, 工業排出, 化学物質, 降雨変化, 乾燥被害"
土壌保全,対策 (事柄/事象/現象/自然/物質/社会活動/産業/組織/制度/生活/人造物),"農業,  森林,  砂漠化,  肥料,  有機物,  浸食,  水資源,  バイオディバーシティ,  地盤沈下,  持続可能"
水資源保全,背景 (事柄/事象/現象/自然/生物/社会活動/産業/物質/天候),"水循環,  地球温暖化,  水質汚染,  水不足,  持続可能性,  森林伐採,  工業廃棄物,  農薬使用,  都市化,  海洋汚染"
水資源保全,課題 (事柄/事象/現象/人体・生理・病気/自然/生物/生活/社会活動/組織/産業/制度),"水不足,  流域管理,  水浄化,  用水量削減,  水循環,  水質汚染,  水利用効率,  集中豪雨,  耕地灌漑,  水農連携"
水資源保全,影響 (事柄/事象/現象/自然/生物/社会活動/産業/物質/天候),"水源,  渇水,  水浄化,  水循環,  水不足,  湧水,  流域,  降水量,  水管理,  水利用"
水資源保全,対策 (事柄/事象/現象/自然/物質/社会活動/産業/組織/制度/生活/人造物),"水循環,  流域管理,  水質管理,  水供給,  流域保全,  水浄化技術,  用水削減,  生態系保護,  水資源管理,  降雨量変動"
適応戦略,背景 (事柄/事象/現象/自然/生物/社会活動/産業/物質/天候),"事柄, 事象, 現象, 自然, 生物, 社会活動, 産業, 物質, 天候  , 適応, 環境, 変化, 生存, 競争, 経済, 技術, 資源, 温暖化, 気候変動"
適応戦略,課題 (事柄/事象/現象/人体・生理・病気/自然/生物/生活/社会活動/組織/産業/制度),"課題,  解決,  対策,  柔軟性,  変化,  抵抗力,  予測,  環境,  リスク,  チャレンジ"
適応戦略,影響 (事柄/事象/現象/自然/生物/社会活動/産業/物質/天候),適応、環境、変化、競争、生存、進化、適性、調整、戦略、遺伝子
適応戦略,対策 (事柄/事象/現象/自然/物質/社会活動/産業/組織/制度/生活/人造物),"対処,  変化,  イノベーション,  柔軟性,  リーダーシップ,  リスク管理,  持続可能性,  刷新,  予測,  敏捷性"
再エネ産業,背景 (事柄/事象/現象/自然/生物/社会活動/産業/物質/天候),"再エネルギー,  環境,  可再生エネルギー,  温室効果ガス,  太陽光発電,  風力発電,  バイオマス,  地熱,  水力発電,  カーボンニュートラル"
再エネ産業,課題 (事柄/事象/現象/人体・生理・病気/自然/生物/生活/社会活動/組織/産業/制度),"再エネルギー,  蓄電技術,  グリーンハイドロジェン,  グリッド接続,  エネルギーストレージ,  太陽光発電,  風力発電,  バイオマス,  グリーンビルディング,  エコモビリティ"
再エネ産業,影響 (事柄/事象/現象/自然/生物/社会活動/産業/物質/天候),"再エネ導入,  炭素排出削減,  グリーンテクノロジー,  持続可能性,  再生可能エネルギー,  地球温暖化,  クリーンエネルギー,  カーボンニュートラル,  レジリエンス,  バイオマス"
再エネ産業,対策 (事柄/事象/現象/自然/物質/社会活動/産業/組織/制度/生活/人造物),"再生可能エネルギー,  再エネ発電,  風力発電,  太陽光発電,  地熱発電,  水力発電,  バイオマス発電,  グリーンエネルギー,  クリーンエネルギー,  エネルギー効率"
気候教育,背景 (事柄/事象/現象/自然/生物/社会活動/産業/物質/天候),"教育,  環境,  持続可能性,  変化,  エネルギー,  温暖化,  資源,  森林,  循環,  災害"
気候教育,課題 (事柄/事象/現象/人体・生理・病気/自然/生物/生活/社会活動/組織/産業/制度),"気候変動,  環境影響,  持続可能性,  グリーンエネルギー,  カーボンオフセット,  持続可能な開発,  再生可能エネルギー,  持続可能な消費,  循環経済,  持続可能な農業"
気候教育,影響 (事柄/事象/現象/自然/生物/社会活動/産業/物質/天候),"気候変動,  地球温暖化,  持続可能性,  再生可能エネルギー,  森林破壊,  海洋酸性化,  水資源管理,  異常気象,  CO2排出削減,  持続可能な開発"
気候教育,対策 (事柄/事象/現象/自然/物質/社会活動/産業/組織/制度/生活/人造物),"気候変動,  温室効果ガス,  再生可能エネルギー,  持続可能性,  森林保護,  海洋保護,  水資源管理,  林業,  再利用,  環境配慮"
学校教育,背景 (事柄/事象/現象/自然/生物/社会活動/産業/物質/天候),"事柄,  事象,  現象,  自然,  生物,  社会活動,  産業,  物質,  天候, 学習,  教育改革,  学習障害,  地球,  植物,  社会問題,  技術革新,  化学物質,  気温, "
学校教育,課題 (事柄/事象/現象/人体・生理・病気/自然/生物/生活/社会活動/組織/産業/制度),"学習意欲,  教育格差,  学力向上,  多様性,  授業改善,  学習成果,  教育政策,  学校適応,  カリキュラム改革,  学び方"
学校教育,影響 (事柄/事象/現象/自然/生物/社会活動/産業/物質/天候),"学習,  教育,  教師,  生徒,  学び,  教科書,  学習意欲,  学校生活,  成績,  教室"
学校教育,対策 (事柄/事象/現象/自然/物質/社会活動/産業/組織/制度/生活/人造物),"学習指導計画,  教師研修,  学習評価,  教育課程,  校則,  生徒指導,  学校評価,  多様性,  学力向上,  カリキュラム"
環境学習,背景 (事柄/事象/現象/自然/生物/社会活動/産業/物質/天候),"環境,  学習,  背景,  事柄,  事象,  現象,  自然,  生物,  社会活動,  産業"
環境学習,課題 (事柄/事象/現象/人体・生理・病気/自然/生物/生活/社会活動/組織/産業/制度),"事柄,  事象,  現象,  人体,  生理,  病気,  自然,  生物,  生活,  社会活動"
環境学習,影響 (事柄/事象/現象/自然/生物/社会活動/産業/物質/天候),"事柄,  事象,  現象,  自然,  生物,  社会活動,  産業,  物質,  天候"
環境学習,対策 (事柄/事象/現象/自然/物質/社会活動/産業/組織/制度/生活/人造物),"環境,  リサイクル,  持続可能性,  エコロジカル,  グリーン,  カーボンフットプリント,  再生可能エネルギー,  公害対策,  持続可能な開発,  環境配慮"
持続可能な開発,背景 (事柄/事象/現象/自然/生物/社会活動/産業/物質/天候),"事業,  経済,  環境,  社会,  健康,  エネルギー,  持続可能性,  資源,  教育,  政策"
持続可能な開発,課題 (事柄/事象/現象/人体・生理・病気/自然/生物/生活/社会活動/組織/産業/制度),"調和,  環境,  エネルギー,  持続可能性,  資源,  汚染,  社会正義,  格差,  可処分所得,  再生可能"
持続可能な開発,影響 (事柄/事象/現象/自然/生物/社会活動/産業/物質/天候),"事柄, 事象, 現象, 自然, 生物, 社会活動, 産業, 物質, 天候  , 自然資源, 二酸化炭素排出, 生態系, 生物多様性, 循環経済, 環境保護, 再生可能エネルギー, 廃棄物管理, 持続可能性, 気候変動"
持続可能な開発,対策 (事柄/事象/現象/自然/物質/社会活動/産業/組織/制度/生活/人造物),"持続可能性,  再生可能エネルギー,  リサイクル,  グリーンテクノロジー,  炭素排出,  環境保護,  削減,  エコロジカルフットプリント,  バイオマス,  リユース"
SDGs,背景 (事柄/事象/現象/自然/生物/社会活動/産業/物質/天候),"環境,  持続可能性,  貧困,  教育,  格差,  エネルギー,  健康,  飢餓,  女性,  水"
SDGs,課題 (事柄/事象/現象/人体・生理・病気/自然/生物/生活/社会活動/組織/産業/制度),"貧困,  栄養不足,  教育格差,  健康格差,  水不足,  気候変動,  経済成長,  社会的包摂,  持続可能な消費,  パートナーシップ"
SDGs,影響 (事柄/事象/現象/自然/生物/社会活動/産業/物質/天候),"事柄, 事象, 現象, 自然, 生物, 社会活動, 産業, 物質, 天候  , 貧困, 気候変動, 健康, 生態系, 生物多様性, ジェンダー平等, エネルギー, 廃棄物, 水, 災害"
SDGs,対策 (事柄/事象/現象/自然/物質/社会活動/産業/組織/制度/生活/人造物),"SDGs-related_vocabulary, 環境保護,  社会責任,  持続可能,  二酸化炭素削減,  物流最適化,  公正な雇用,  貧困削減,  イノベーション,  教育機会,  循環経済"
国際条約,背景 (事柄/事象/現象/自然/生物/社会活動/産業/物質/天候),"国際,  条約,  背景,  事柄,  事象,  現象,  社会活動,  産業,  天候,  社会活動"
国際条約,課題 (事柄/事象/現象/人体・生理・病気/自然/生物/生活/社会活動/組織/産業/制度),"国際関係,  国家主権,  外交,  平和維持,  紛争解決,  非武装化,  核軍縮,  人権尊重,  貿易規制,  環境保護"
国際条約,影響 (事柄/事象/現象/自然/生物/社会活動/産業/物質/天候),"事柄,  事象,  現象,  自然,  生物,  社会活動,  産業,  物質,  天候  , 国際関係,  規制,  協定,  締結,  履行,  監視,  遵守,  違反,  準拠,  棄権  "
国際条約,対策 (事柄/事象/現象/自然/物質/社会活動/産業/組織/制度/生活/人造物),"国際関係,  ダイプロマシー,  協定,  加盟国,  遵守,  監視,  査察,  統制,  交渉,  制裁"
排出削減,背景 (事柄/事象/現象/自然/生物/社会活動/産業/物質/天候),"燃料節約,  環境保護,  カーボンフットプリント,  再生可能エネルギー,  リサイクル,  持続可能性,  グリーンテクノロジー,  エコロジカルフットプリント,  温室効果ガス,  バイオマス"
排出削減,課題 (事柄/事象/現象/人体・生理・病気/自然/生物/生活/社会活動/組織/産業/制度),"課題,  対策,  節約,  効率化,  リサイクル,  再利用,  エコロジー,  カーボンオフセット,  省エネ,  廃棄物処理"
排出削減,影響 (事柄/事象/現象/自然/生物/社会活動/産業/物質/天候),"温室効果ガス,  持続可能性,  森林伐採,  地球温暖化,  生態系,  再生可能エネルギー,  水質汚染,  化石燃料,  再利用,  環境保護"
排出削減,対策 (事柄/事象/現象/自然/物質/社会活動/産業/組織/制度/生活/人造物),"削減,  省エネ,  再利用,  リサイクル,  最適化,  資源効率,  ゼロエミッション,  CO2排出量,  バイオマス,  再生可能エネルギー"
気候行動,背景 (事柄/事象/現象/自然/生物/社会活動/産業/物質/天候),"気候変動,  環境,  温室効果ガス,  持続可能,  二酸化炭素,  森林破壊,  化石燃料,  再生可能エネルギー,  災害リスク,  持続可能な開発"
気候行動,課題 (事柄/事象/現象/人体・生理・病気/自然/生物/生活/社会活動/組織/産業/制度),"地球温暖化,  化石燃料,  持続可能性,  森林破壊,  温室効果ガス,  再生可能エネルギー,  水資源管理,  気候変動,  環境保護,  リサイクル"
気候行動,影響 (事柄/事象/現象/自然/生物/社会活動/産業/物質/天候),"気候変動,  二酸化炭素,  持続可能性,  森林伐採,  地球温暖化,  海面上昇,  再生可能エネルギー,  環境保護,  削減,  リサイクル"
気候行動,対策 (事柄/事象/現象/自然/物質/社会活動/産業/組織/制度/生活/人造物),"気候変動,  温室効果ガス,  再生可能エネルギー,  持続可能性,  カーボンオフセット,  森林保護,  リサイクル,  ローカルフード,  ライフサイクルアセスメント,  グリーンテクノロジー"
温室効果,背景 (事柄/事象/現象/自然/生物/社会活動/産業/物質/天候),"温室効果,  地球温暖化,  二酸化炭素,  メタン,  水蒸気,  森林破壊,  化石燃料,  工業活動,  地球温度上昇,  天候変動"
温室効果,課題 (事柄/事象/現象/人体・生理・病気/自然/生物/生活/社会活動/組織/産業/制度),"温室効果,  温暖化,  二酸化炭素,  メタン,  化石燃料,  気候変動,  海面上昇,  森林破壊,  持続可能性,  グリーンハウス効果"
温室効果,影響 (事柄/事象/現象/自然/生物/社会活動/産業/物質/天候),"温室効果,  地球温暖化,  二酸化炭素,  気候変動,  化石燃料,  森林伐採,  海面上昇,  極端な天候,  持続可能性,  環境保護"
温室効果,対策 (事柄/事象/現象/自然/物質/社会活動/産業/組織/制度/生活/人造物),"地球温暖化,  温室ガス,  持続可能性,  再生可能エネルギー,  森林保護,  CO2排出削減,  リサイクル,  グリーンテクノロジー,  環境保護法,  持続可能な開発"
熱放射,背景 (事柄/事象/現象/自然/生物/社会活動/産業/物質/天候),熱、放射、放射熱、エネルギー、赤外線、温度、輻射、放射線、照射、吸収
熱放射,課題 (事柄/事象/現象/人体・生理・病気/自然/生物/生活/社会活動/組織/産業/制度),"放射熱,  赤外線,  体温調節,  日焼け,  過熱,  冷却,  保護,  赤外線サーモグラフィ,  日射病,  遮熱材"
熱放射,影響 (事柄/事象/現象/自然/生物/社会活動/産業/物質/天候),熱、放射、影響、温度、拡散、吸収、反射、保護、偏光、輻射
熱放射,対策 (事柄/事象/現象/自然/物質/社会活動/産業/組織/制度/生活/人造物),"地球温暖化,  温室効果ガス,  気候変動,  冷房,  日除け,  蓄熱,  断熱材,  再生可能エネルギー,  植樹,  再利用"
グリーン革命,背景 (事柄/事象/現象/自然/生物/社会活動/産業/物質/天候),"農業,  食料,  人口爆発,  肥料,  農薬,  収穫量,  飢餓,  環境破壊,  農業技術,  作物"
グリーン革命,課題 (事柄/事象/現象/人体・生理・病気/自然/生物/生活/社会活動/組織/産業/制度),"農業,  環境,  食糧安全保障,  持続可能性,  技術革新,  土壌劣化,  人口増加,  農薬,  水資源,  栄養失調"
グリーン革命,影響 (事柄/事象/現象/自然/生物/社会活動/産業/物質/天候),"農業,  作物,  肥料,  農薬,  収穫量,  貧困,  飢餓,  環境,  水利用,  技術"
グリーン革命,対策 (事柄/事象/現象/自然/物質/社会活動/産業/組織/制度/生活/人造物),"農業技術,  持続可能性,  食料安全保障,  農薬削減,  環境保護,  農産物品質,  水資源管理,  土壌改良,  農民教育,  研究開発"
脱石炭,背景 (事柄/事象/現象/自然/生物/社会活動/産業/物質/天候),"石炭,  温室効果ガス,  石油,  再生可能エネルギー,  炭酸ガス,  環境保護,  持続可能性,  地球温暖化,  クリーンエネルギー,  電気自動車"
脱石炭,課題 (事柄/事象/現象/人体・生理・病気/自然/生物/生活/社会活動/組織/産業/制度),"温室効果ガス,  再生可能エネルギー,  持続可能性,  環境保護,  水源汚染,  森林保護,  気候変動,  石炭火力発電,  火災リスク,  環境影響"
脱石炭,影響 (事柄/事象/現象/自然/生物/社会活動/産業/物質/天候),"気候変動,  再生可能エネルギー,  カーボンニュートラル,  温室効果ガス,  持続可能性,  グリーンエネルギー,  環境保護,  持続可能な開発,  再利用,  地球温暖化"
脱石炭,対策 (事柄/事象/現象/自然/物質/社会活動/産業/組織/制度/生活/人造物),"再生可能エネルギー,  温室効果ガス,  持続可能性,  クリーンエネルギー,  環境保護,  グリーンテクノロジー,  カーボンニュートラル,  エコフレンドリー,  再利用,  グリーンライフスタイル"
石炭火力廃止,背景 (事柄/事象/現象/自然/生物/社会活動/産業/物質/天候),"炭素排出,  温室効果ガス,  再生可能エネルギー,  気候変動,  持続可能性,  霧煙,  空気汚染,  火力発電,  水資源,  化石燃料"
石炭火力廃止,課題 (事柄/事象/現象/人体・生理・病気/自然/生物/生活/社会活動/組織/産業/制度),"石炭,  火力,  廃止,  環境,  温室効果ガス,  エネルギー,  排出,  脱炭素化,  気候変動,  持続可能"
石炭火力廃止,影響 (事柄/事象/現象/自然/生物/社会活動/産業/物質/天候),"経済,  CO2排出,  温室効果ガス,  再生可能エネルギー,  空気汚染,  労働者,  石炭鉱山,  水質汚染,  火力発電,  環境保護"
石炭火力廃止,対策 (事柄/事象/現象/自然/物質/社会活動/産業/組織/制度/生活/人造物),"エネルギー,  再生可能エネルギー,  温室効果ガス,  地球温暖化,  環境保護,  持続可能性,  発電,  CO2排出削減,  太陽光発電,  風力発電"
電力転換,背景 (事柄/事象/現象/自然/生物/社会活動/産業/物質/天候),"エネルギー,  環境,  再生可能エネルギー,  温室効果ガス,  持続可能性,  原子力,  石油,  需要,  太陽光,  地球温暖化"
電力転換,課題 (事柄/事象/現象/人体・生理・病気/自然/生物/生活/社会活動/組織/産業/制度),"調達,  分散型,  グリッド,  保存,  蓄電池,  再生可能,  エネルギー効率,  負荷,  送電線,  需要管理"
電力転換,影響 (事柄/事象/現象/自然/生物/社会活動/産業/物質/天候),"気候変動,  再生可能エネルギー,  温室効果ガス,  持続可能性,  炭素排出,  省エネ,  再利用,  グリーンテクノロジー,  エコロジカル,  電力需給"
電力転換,対策 (事柄/事象/現象/自然/物質/社会活動/産業/組織/制度/生活/人造物),"再生可能エネルギー,  温室効果ガス,  厳しい規制,  エネルギー効率,  脱炭素化,  グリーンテクノロジー,  カーボンニュートラル,  持続可能性,  低炭素社会,  省エネルギー"
気候会議,背景 (事柄/事象/現象/自然/生物/社会活動/産業/物質/天候),"地球温暖化,  温室効果ガス,  持続可能性,  森林破壊,  塩害,  化石燃料,  再生可能エネルギー,  海面上昇,  異常気象,  環境汚染"
気候会議,課題 (事柄/事象/現象/人体・生理・病気/自然/生物/生活/社会活動/組織/産業/制度),"気候変動,  温室効果ガス,  再生可能エネルギー,  持続可能性,  海面上昇,  森林保護,  水資源管理,  持続可能な開発,  気温上昇,  災害リスク"
気候会議,影響 (事柄/事象/現象/自然/生物/社会活動/産業/物質/天候),"気候変動,  温室効果ガス,  気温上昇,  水位上昇,  異常気象,  森林破壊,  飢餓,  農作物減少,  海洋酸性化,  経済影響"
気候会議,対策 (事柄/事象/現象/自然/物質/社会活動/産業/組織/制度/生活/人造物),"持続可能性,  温室効果ガス,  再生可能エネルギー,  森林保護,  水資源管理,  持続可能な開発,  気候変動適応,  グリーンテクノロジー,  カーボンオフセット,  環境規制"
COP会議,背景 (事柄/事象/現象/自然/生物/社会活動/産業/物質/天候),"会議,  議題,  議長,  議事録,  参加者,  決議,  議論,  資料,  対話,  意見"
COP会議,課題 (事柄/事象/現象/人体・生理・病気/自然/生物/生活/社会活動/組織/産業/制度),"課題,  適応,  化石燃料,  持続可能性,  森林破壊,  海洋汚染,  気候変動,  協力,  遵守,  監視"
COP会議,影響 (事柄/事象/現象/自然/生物/社会活動/産業/物質/天候),"会議,  協力,  決定,  議題,  協定,  協力者,  意見,  議論,  参加者,  議長"
COP会議,対策 (事柄/事象/現象/自然/物質/社会活動/産業/組織/制度/生活/人造物),"会場,  議題,  資料,  議長,  参加者,  決議,  議事録,  議論,  討論,  進行"
国連気候変動枠組条約,背景 (事柄/事象/現象/自然/生物/社会活動/産業/物質/天候),"国連,  気候変動,  枠組,  条約,  背景,  自然,  生物,  社会活動,  産業,  天候"
国連気候変動枠組条約,課題 (事柄/事象/現象/人体・生理・病気/自然/生物/生活/社会活動/組織/産業/制度),"温室効果ガス,  持続可能性,  森林減少,  気候変動,  再生可能エネルギー,  環境保護,  持続可能な開発,  化石燃料,  国際協力,  持続可能な消費"
国連気候変動枠組条約,影響 (事柄/事象/現象/自然/生物/社会活動/産業/物質/天候),"気候変動,  温室効果ガス,  化石燃料,  持続可能性,  森林破壊,  海面上昇,  水資源,  持続可能な開発,  気候変動適応,  持続可能なエネルギー"
国連気候変動枠組条約,対策 (事柄/事象/現象/自然/物質/社会活動/産業/組織/制度/生活/人造物),"排出削減,  持続可能,  再生可能エネルギー,  森林保護,  持続可能な開発,  温室効果ガス排出,  気候変動適応,  持続可能な農業,  気候変動適応策,  持続可能な都市"
UNFCCC,背景 (事柄/事象/現象/自然/生物/社会活動/産業/物質/天候),"気候変動,  環境保護,  持続可能性,  温室効果ガス,  森林破壊,  持続可能な開発,  地球温暖化,  再生可能エネルギー,  持続可能な都市,  持続可能な農業"
UNFCCC,課題 (事柄/事象/現象/人体・生理・病気/自然/生物/生活/社会活動/組織/産業/制度),"気候変動,  温室効果ガス,  持続可能性,  森林破壊,  海面上昇,  再生可能エネルギー,  枯渇,  循環経済,  環境保護,  持続可能な開発"
UNFCCC,影響 (事柄/事象/現象/自然/生物/社会活動/産業/物質/天候),"気候変動,  温室効果ガス,  持続可能性,  削減目標,  自然災害,  森林破壊,  水資源管理,  再生可能エネルギー,  持続可能な開発,  持続可能な都市"
UNFCCC,対策 (事柄/事象/現象/自然/物質/社会活動/産業/組織/制度/生活/人造物),"気候変動,  温室効果ガス,  持続可能性,  エネルギー効率,  脱炭素化,  再生可能エネルギー,  森林保護,  温暖化,  持続可能な開発,  環境保護"
炭素貯蔵,背景 (事柄/事象/現象/自然/生物/社会活動/産業/物質/天候),"CO2,  森林,  土壌,  バイオマス,  炭素循環,  気候変動,  植林,  マングローブ,  地球温暖化,  持続可能"
炭素貯蔵,課題 (事柄/事象/現象/人体・生理・病気/自然/生物/生活/社会活動/組織/産業/制度),"温室効果ガス,  森林伐採,  土壌劣化,  排出量削減,  再生可能エネルギー,  持続可能性,  カーボンオフセット,  気候変動,  グリーンハウス効果,  持続可能開発"
炭素貯蔵,影響 (事柄/事象/現象/自然/生物/社会活動/産業/物質/天候),"炭素循環,  森林,  土壌,  植物,  貯蔵,  燃焼,  温室効果ガス,  化石燃料,  海洋,  持続可能"
炭素貯蔵,対策 (事柄/事象/現象/自然/物質/社会活動/産業/組織/制度/生活/人造物),"二酸化炭素,  森林,  土壌,  植物,  カーボンニュートラル,  再生可能エネルギー,  グリーンテクノロジー,  バイオ燃料,  持続可能性,  レッドカーボン"
グリーン水素,背景 (事柄/事象/現象/自然/生物/社会活動/産業/物質/天候),"再生可能エネルギー,  燃料電池,  脱炭素化,  地球温暖化,  電解,  カーボンニュートラル,  再生可能エネルギー,  水素製造,  環境保護,  クリーンエネルギー"
グリーン水素,課題 (事柄/事象/現象/人体・生理・病気/自然/生物/生活/社会活動/組織/産業/制度),"再生可能エネルギー,  炭素排出,  ゼロエミッション,  水素製造,  エネルギー転換,  グリッド接続,  原子力,  燃料電池,  電気化,  エネルギー政策"
グリーン水素,影響 (事柄/事象/現象/自然/生物/社会活動/産業/物質/天候),"環境,  再生可能エネルギー,  カーボンニュートラル,  水素エネルギー,  温室効果ガス,  エネルギー転換,  電気自動車,  クリーンテクノロジー,  持続可能性,  グリーンハイドロジェン"
グリーン水素,対策 (事柄/事象/現象/自然/物質/社会活動/産業/組織/制度/生活/人造物),"再生可能エネルギー,  炭素排出,  化石燃料,  省エネルギー,  燃料電池,  ゼロエミッション,  電解,  炭素中和,  グリッド,  インフラストラクチャ"
気候適応基金,背景 (事柄/事象/現象/自然/生物/社会活動/産業/物質/天候),"気候変動,  環境,  持続可能性,  被災,  適応,  リスク,  資金,  政策,  循環,  グリーン"
気候適応基金,課題 (事柄/事象/現象/人体・生理・病気/自然/生物/生活/社会活動/組織/産業/制度),"気候変動,  被災者,  災害リスク,  持続可能性,  エコシステム,  森林保護,  農業生産,  経済影響,  社会弱者,  低炭素社会"
気候適応基金,影響 (事柄/事象/現象/自然/生物/社会活動/産業/物質/天候),"気候変動,  環境保護,  グリーンエネルギー,  持続可能性,  災害対策,  資源循環,  再生可能エネルギー,  低炭素社会,  生態系保全,  被害軽減"
気候適応基金,対策 (事柄/事象/現象/自然/物質/社会活動/産業/組織/制度/生活/人造物),"気候変動,  対策,  脱炭素化,  再生可能エネルギー,  持続可能性,  森林保護,  海洋保護,  温室効果ガス,  再利用,  再生利用"
途上国支援,背景 (事柄/事象/現象/自然/生物/社会活動/産業/物質/天候),"自然,  経済,  貧困,  教育,  医療,  飢餓,  災害,  公衆衛生,  水資源,  経済発展"
途上国支援,課題 (事柄/事象/現象/人体・生理・病気/自然/生物/生活/社会活動/組織/産業/制度),"開発援助,  経済格差,  教育機会,  健康保健,  食料安全保障,  雇用機会,  インフラ整備,  環境保全,  貧困削減,  社会福祉"
途上国支援,影響 (事柄/事象/現象/自然/生物/社会活動/産業/物質/天候),"援助, 開発, 貧困, 教育, 保健, 農業, 水資源, エネルギー, 気候変動, 感染症"
途上国支援,対策 (事柄/事象/現象/自然/物質/社会活動/産業/組織/制度/生活/人造物),"貧困,  開発,  救援,  援助,  収入格差,  教育,  保健,  農業,  飢餓,  住宅"
気候リーダーシップ,背景 (事柄/事象/現象/自然/生物/社会活動/産業/物質/天候),"気候変動,  温室効果ガス,  持続可能性,  グリーンエネルギー,  森林伐採,  再生可能エネルギー,  持続可能な開発,  環境保護,  カーボンオフセット,  持続可能な消費"
気候リーダーシップ,課題 (事柄/事象/現象/人体・生理・病気/自然/生物/生活/社会活動/組織/産業/制度),"気候変動,  グリーンエネルギー,  持続可能性,  温室効果ガス,  再生可能エネルギー,  持続可能な開発,  カーボンニュートラル,  持続可能な農業,  持続可能な都市,  環境保護"
気候リーダーシップ,影響 (事柄/事象/現象/自然/生物/社会活動/産業/物質/天候),"気候変動,  温室効果ガス,  再生可能エネルギー,  持続可能性,  森林破壊,  海面上昇,  二酸化炭素排出,  環境保護,  持続可能な開発,  気候変動適応"
気候リーダーシップ,対策 (事柄/事象/現象/自然/物質/社会活動/産業/組織/制度/生活/人造物),"持続可能性,  再生可能エネルギー,  カーボンニュートラル,  循環経済,  気候変動適応,  温室効果ガス削減,  グリーンテクノロジー,  持続可能な開発目標,  森林保護,  ローカルフード"
気候変動教育,背景 (事柄/事象/現象/自然/生物/社会活動/産業/物質/天候),"気候変動,  環境,  温室効果ガス,  持続可能性,  海面上昇,  森林減少,  再生可能エネルギー,  資源枯渇,  バイオダイバーシティ,  災害管理"
気候変動教育,課題 (事柄/事象/現象/人体・生理・病気/自然/生物/生活/社会活動/組織/産業/制度),"気候変動,  環境保護,  持続可能性,  温室効果ガス,  再生可能エネルギー,  森林破壊,  持続可能な開発,  水資源管理,  気候変動適応,  グリーンテクノロジー"
気候変動教育,影響 (事柄/事象/現象/自然/生物/社会活動/産業/物質/天候),"気候変動,  環境保護,  持続可能性,  CO2排出,  温室効果ガス,  森林伐採,  再生可能エネルギー,  海面上昇,  気温上昇,  災害リスク"
気候変動教育,対策 (事柄/事象/現象/自然/物質/社会活動/産業/組織/制度/生活/人造物),"気候変動,  環境,  持続可能性,  CO2排出,  再生可能エネルギー,  森林保護,  地球温暖化,  資源管理,  リサイクル,  グリーンテクノロジー"
クリーン開発,背景 (事柄/事象/現象/自然/生物/社会活動/産業/物質/天候),"環境,  持続可能性,  資源,  エネルギー,  削減,  リサイクル,  汚染,  持続,  汎化,  温室効果"
クリーン開発,課題 (事柄/事象/現象/人体・生理・病気/自然/生物/生活/社会活動/組織/産業/制度),"持続可能性,  再生可能エネルギー,  バイオ燃料,  リサイクル,  環境影響評価,  炭素排出削減,  リニア経済,  リサイクル経済,  グリーンテクノロジー,  環境管理"
クリーン開発,影響 (事柄/事象/現象/自然/生物/社会活動/産業/物質/天候),"クリーンエネルギー,  環境保護,  再生可能エネルギー,  持続可能性,  気候変動,  リサイクル,  温室効果ガス,  持続可能な開発,  生態系,  バイオマス"
クリーン開発,対策 (事柄/事象/現象/自然/物質/社会活動/産業/組織/制度/生活/人造物),"環境保護,  再生可能エネルギー,  排出削減,  リサイクル,  持続可能性,  汚染防止,  グリーンテクノロジー,  エコロジカルフットプリント,  バイオディーゼル,  環境マネジメント"
気候ファイナンス,背景 (事柄/事象/現象/自然/生物/社会活動/産業/物質/天候),気候変動、再生可能エネルギー、二酸化炭素排出、森林破壊、地球温暖化、気候適応、海面上昇、気候行動、気候危機、持続可能性
気候ファイナンス,課題 (事柄/事象/現象/人体・生理・病気/自然/生物/生活/社会活動/組織/産業/制度),"気候変動,  グリーンボンド,  パリ協定,  持続可能性,  再生可能エネルギー,  カーボンオフセット,  生態系保護,  持続可能な開発目標,  気候適応,  カーボンニュートラル"
気候ファイナンス,影響 (事柄/事象/現象/自然/生物/社会活動/産業/物質/天候),"気候変動,  グリーンファイナンス,  カーボンオフセット,  再生可能エネルギー,  持続可能性,  カーボンニュートラル,  パリ協定,  森林保護,  気候リスク,  再生可能資源"
気候ファイナンス,対策 (事柄/事象/現象/自然/物質/社会活動/産業/組織/制度/生活/人造物),"気候変動,  温室効果ガス,  再生可能エネルギー,  持続可能性,  カーボンオフセット,  気候適応,  環境保護,  グリーンテクノロジー,  パリ協定,  サステナビリティ"
持続可能性評価,背景 (事柄/事象/現象/自然/生物/社会活動/産業/物質/天候),"環境,  エネルギー,  リサイクル,  持続可能,  グリーン,  カーボンフットプリント,  グローバル,  リニューアブル,  エコシステム,  社会的責任"
持続可能性評価,課題 (事柄/事象/現象/人体・生理・病気/自然/生物/生活/社会活動/組織/産業/制度),"調達,  共感,  コミュニケーション,  パートナーシップ,  リサイクル,  イノベーション,  グリーンテクノロジー,  温室効果ガス,  持続可能な開発,  環境負荷"
持続可能性評価,影響 (事柄/事象/現象/自然/生物/社会活動/産業/物質/天候),"事柄, 事象, 現象, 自然, 生物, 社会活動, 産業, 物質, 天候  , 環境保護, 気候変動, 資源管理, 生態系, 生物多様性, 社会責任, 再生可能エネルギー, 廃棄物削減, 化石燃料, 自然災害"
持続可能性評価,対策 (事柄/事象/現象/自然/物質/社会活動/産業/組織/制度/生活/人造物),"対策,  環境,  二酸化炭素排出,  再生可能エネルギー,  リサイクル,  グリーンテクノロジー,  エコロジカルフットプリント,  持続可能性,  グリーンビルディング,  クリーンエネルギー"
カーボンニュートラル都市,背景 (事柄/事象/現象/自然/生物/社会活動/産業/物質/天候),"持続可能性,  再生可能エネルギー,  低炭素,  気候変動,  リサイクル,  森林保護,  公共交通機関,  エコロジカルフットプリント,  バイオ多様性,  ライフサイクル評価"
カーボンニュートラル都市,課題 (事柄/事象/現象/人体・生理・病気/自然/生物/生活/社会活動/組織/産業/制度),"エネルギー効率,  再生可能エネルギー,  交通渋滞,  廃棄物削減,  持続可能性,  炭素排出量,  緑化,  循環経済,  都市計画,  気候変動"
カーボンニュートラル都市,影響 (事柄/事象/現象/自然/生物/社会活動/産業/物質/天候),"事業,  炭素排出,  再生可能エネルギー,  持続可能性,  グリーンテクノロジー,  気候変動,  持続可能な開発,  グリーンハウスガス,  環境保護,  再利用"
カーボンニュートラル都市,対策 (事柄/事象/現象/自然/物質/社会活動/産業/組織/制度/生活/人造物),"カーボンニュートラル,  温室効果ガス,  再生可能エネルギー,  エコロジカルフットプリント,  リサイクル,  持続可能性,  資源効率,  グリーンテクノロジー,  ゼロエミッション,  持続可能な都市"
ゼロカーボン戦略,背景 (事柄/事象/現象/自然/生物/社会活動/産業/物質/天候),"事業,  温室効果ガス,  再生可能エネルギー,  持続可能,  炭素排出,  気候変動,  エコロジカル,  資源節約,  再利用,  グリーンテクノロジー"
ゼロカーボン戦略,課題 (事柄/事象/現象/人体・生理・病気/自然/生物/生活/社会活動/組織/産業/制度),排出量、持続可能性、再生可能エネルギー、排出削減、炭素税、気候変動、省エネ、脱炭素、環境影響、緑の経済
ゼロカーボン戦略,影響 (事柄/事象/現象/自然/生物/社会活動/産業/物質/天候),"事柄,  事象,  現象,  自然,  生物,  社会活動,  産業,  物質,  天候  , 排出量削減,  再生可能エネルギー,  持続可能性,  森林保護,  生態系,  カーボンオフセット,  グリーンテクノロジー,  再利用,  地球温暖化,  気候変動"
ゼロカーボン戦略,対策 (事柄/事象/現象/自然/物質/社会活動/産業/組織/制度/生活/人造物),"持続可能性,  再生可能エネルギー,  カーボンニュートラル,  グリーンテクノロジー,  エコロジカルフットプリント,  再利用,  エネルギー効率,  環境影響評価,  バイオマス,  サーキュラーエコノミー"
気候変動認知,背景 (事柄/事象/現象/自然/生物/社会活動/産業/物質/天候),"気候変動,  温室効果ガス,  化石燃料,  森林伐採,  氷河,  海面上昇,  異常気象,  持続可能性,  循環経済,  再生可能エネルギー"
気候変動認知,課題 (事柄/事象/現象/人体・生理・病気/自然/生物/生活/社会活動/組織/産業/制度),"気温,  二酸化炭素,  水位上昇,  森林破壊,  化石燃料,  温暖化,  災害リスク,  持続可能性,  経済影響,  環境保護"
気候変動認知,影響 (事柄/事象/現象/自然/生物/社会活動/産業/物質/天候),"気候変動,  災害,  降水量,  干ばつ,  海面上昇,  氷河,  暴風雨,  森林火災,  食糧安全保障,  持続可能"
気候変動認知,対策 (事柄/事象/現象/自然/物質/社会活動/産業/組織/制度/生活/人造物),"気候変動,  温室効果ガス,  再生可能エネルギー,  持続可能性,  カーボンフットプリント,  森林保護,  海洋保護,  再利用,  エコロジカル,  環境配慮"
市民活動,背景 (事柄/事象/現象/自然/生物/社会活動/産業/物質/天候),"市民活動,  背景,  事柄,  事象,  現象,  自然,  生物,  社会活動,  産業,  物質,  天候  "
市民活動,課題 (事柄/事象/現象/人体・生理・病気/自然/生物/生活/社会活動/組織/産業/制度),"市民参加,  地域社会,  問題解決,  社会変革,  政策提言,  人権保護,  環境保護活動,  ボランティア,  災害対策,  福祉支援"
市民活動,影響 (事柄/事象/現象/自然/生物/社会活動/産業/物質/天候),"事柄,  事象,  現象,  自然,  生物,  社会活動,  産業,  物質,  天候"
市民活動,対策 (事柄/事象/現象/自然/物質/社会活動/産業/組織/制度/生活/人造物),"市民参加,  ボランティア,  地域コミュニティ,  環境保護,  社会貢献,  政治参加,  フェアトレード,  人権活動,  環境問題,  ライフスタイル"
環境NGO,背景 (事柄/事象/現象/自然/生物/社会活動/産業/物質/天候),"環境,  保護,  持続可能性,  エコシステム,  汚染,  再生可能エネルギー,  森林,  バイオダイバーシティ,  気候変動,  リサイクル"
環境NGO,課題 (事柄/事象/現象/人体・生理・病気/自然/生物/生活/社会活動/組織/産業/制度),"環境,  持続可能性,  森林破壊,  水資源,  汚染,  気候変動,  バイオダイバーシティ,  再生可能エネルギー,  プラスチック問題,  地球温暖化"
環境NGO,影響 (事柄/事象/現象/自然/生物/社会活動/産業/物質/天候),"環境,  保護,  持続可能,  汚染,  大気,  森林,  生態系,  廃棄物,  再生可能エネルギー,  動物保護"
環境NGO,対策 (事柄/事象/現象/自然/物質/社会活動/産業/組織/制度/生活/人造物),"対策,  環境保護,  持続可能性,  再生可能エネルギー,  リサイクル,  持続可能な開発,  汚染,  森林保護,  気候変動,  環境規制"
気候アクティビズム,背景 (事柄/事象/現象/自然/生物/社会活動/産業/物質/天候),"気候変動,  環境保護,  持続可能性,  再生可能エネルギー,  森林伐採,  温室効果ガス,  海洋酸性化,  リサイクル,  持続可能な開発,  生態系保護"
気候アクティビズム,課題 (事柄/事象/現象/人体・生理・病気/自然/生物/生活/社会活動/組織/産業/制度),"環境保護,  持続可能性,  化石燃料,  気候変動,  持続可能な開発,  再生可能エネルギー,  森林伐採,  持続可能な生活,  環境浄化,  グリーンテクノロジー"
気候アクティビズム,影響 (事柄/事象/現象/自然/生物/社会活動/産業/物質/天候),"気候変動,  カーボンフットプリント,  再生可能エネルギー,  持続可能性,  森林伐採,  気温上昇,  海面上昇,  パリ協定,  持続可能な開発目標,  気候適応"
気候アクティビズム,対策 (事柄/事象/現象/自然/物質/社会活動/産業/組織/制度/生活/人造物),"気候変動,  再生可能エネルギー,  持続可能性,  カーボンニュートラル,  パリ協定,  森林保護,  再利用,  脱炭素化,  持続可能な開発,  環境保護"
若者の気候行動,背景 (事柄/事象/現象/自然/生物/社会活動/産業/物質/天候),"気候変動,  環境,  持続可能性,  カーボンフットプリント,  消費行動,  再生可能エネルギー,  森林破壊,  レシクル,  持続可能な開発,  グリーンテクノロジー"
若者の気候行動,課題 (事柄/事象/現象/人体・生理・病気/自然/生物/生活/社会活動/組織/産業/制度),"気候変動,  プラスチック,  持続可能性,  カーボンフットプリント,  再生可能エネルギー,  リサイクル,  持続可能な開発,  森林破壊,  環境保護,  持続可能な消費"
若者の気候行動,影響 (事柄/事象/現象/自然/生物/社会活動/産業/物質/天候),"若者,  気候行動,  環境,  持続可能性,  エコロジー,  温室効果ガス,  再生可能エネルギー,  プラスチック削減,  森林保護,  持続可能な消費"
若者の気候行動,対策 (事柄/事象/現象/自然/物質/社会活動/産業/組織/制度/生活/人造物),"気候変動,  再生可能エネルギー,  リサイクル,  持続可能性,  カーボンフットプリント,  グリーンテクノロジー,  持続可能な開発,  エコロジスト,  持続可能な消費,  地球温暖化"
環境ボランティア,背景 (事柄/事象/現象/自然/生物/社会活動/産業/物質/天候),"環境,  ボランティア,  資源,  再生可能エネルギー,  持続可能性,  森林,  地球温暖化,  汚染,  保護,  リサイクル"
環境ボランティア,課題 (事柄/事象/現象/人体・生理・病気/自然/生物/生活/社会活動/組織/産業/制度),"環境保護,  温室効果ガス,  再生可能エネルギー,  持続可能性,  生物多様性,  リサイクル,  持続可能な消費,  森林保護,  海洋汚染,  水資源管理"
環境ボランティア,影響 (事柄/事象/現象/自然/生物/社会活動/産業/物質/天候),"事柄,  事象,  現象,  自然,  生物,  社会活動,  産業,  物質,  天候, 環境保護,  持続可能性,  生態系,  汚染,  森林,  廃棄物,  再生可能エネルギー,  資源,  温暖化,  自然災害"
環境ボランティア,対策 (事柄/事象/現象/自然/物質/社会活動/産業/組織/制度/生活/人造物),"環境保護,  リサイクル,  持続可能,  エコロジー,  温室効果ガス,  再生可能エネルギー,  廃棄物管理,  持続可能な開発,  森林保護,  環境影響評価"
未来世代,背景 (事柄/事象/現象/自然/生物/社会活動/産業/物質/天候),"未来世代,  環境保護,  持続可能性,  再生可能エネルギー,  気候変動,  生物多様性,  廃棄物削減,  グリーンテクノロジー,  持続可能な開発,  環境汚染"
未来世代,課題 (事柄/事象/現象/人体・生理・病気/自然/生物/生活/社会活動/組織/産業/制度),"環境保護,  持続可能性,  気候変動,  資源枯渇,  食糧安全保障,  大気汚染,  バイオダイバーシティ,  社会格差,  公共施設整備,  教育格差"
未来世代,影響 (事柄/事象/現象/自然/生物/社会活動/産業/物質/天候),"未来,  環境保護,  持続可能性,  クリーンエネルギー,  温室効果ガス,  食糧安全保障,  バイオディバーシティ,  リサイクル,  持続可能な開発,  天候変動"
未来世代,対策 (事柄/事象/現象/自然/物質/社会活動/産業/組織/制度/生活/人造物),"事業,  環境,  再生可能エネルギー,  持続可能性,  循環経済,  グリーンテクノロジー,  資源管理,  カーボンニュートラル,  サステナビリティ,  自然保護"
脱温暖化,背景 (事柄/事象/現象/自然/生物/社会活動/産業/物質/天候),"気候変動,  温室効果ガス,  化石燃料,  森林伐採,  工業化,  大気汚染,  過剰消費,  人口増加,  自動車排ガス,  地球温暖化"
脱温暖化,課題 (事柄/事象/現象/人体・生理・病気/自然/生物/生活/社会活動/組織/産業/制度),"気候変動,  温室効果ガス,  持続可能性,  再生可能エネルギー,  森林伐採,  海洋酸性化,  水資源管理,  CO2排出削減,  環境保護政策,  グリーンテクノロジー"
脱温暖化,影響 (事柄/事象/現象/自然/生物/社会活動/産業/物質/天候),"融解,  洪水,  干ばつ,  生態系,  飢餓,  海面上昇,  熱波,  気候変動,  酸性雨,  健康影響"
脱温暖化,対策 (事柄/事象/現象/自然/物質/社会活動/産業/組織/制度/生活/人造物),"二酸化炭素,  再生可能エネルギー,  持続可能,  森林保護,  低炭素社会,  再利用,  環境規制,  持続可能な開発,  削減,  生物多様性"
カーボンマネジメント,背景 (事柄/事象/現象/自然/生物/社会活動/産業/物質/天候),"気候変動,  温室効果ガス,  エネルギー効率,  再生可能エネルギー,  持続可能性,  脱炭素化,  エコロジカルフットプリント,  環境保護,  地球温暖化,  持続可能な開発"
カーボンマネジメント,課題 (事柄/事象/現象/人体・生理・病気/自然/生物/生活/社会活動/組織/産業/制度),排出量、削減、二酸化炭素、持続可能、再生可能エネルギー、グリーンハウス効果、温室効果ガス、炭素税、脱炭素化、再生可能エネルギー源
カーボンマネジメント,影響 (事柄/事象/現象/自然/生物/社会活動/産業/物質/天候),"温室効果ガス,  再生可能エネルギー,  持続可能性,  森林保全,  バイオマス,  環境規制,  グリーンテクノロジー,  クリーンエネルギー,  炭素排出,  持続可能な開発"
カーボンマネジメント,対策 (事柄/事象/現象/自然/物質/社会活動/産業/組織/制度/生活/人造物),"排出削減,  再生可能エネルギー,  エコロジカルフットプリント,  持続可能性,  ローカルプロダクション,  再利用,  ローカルサーキュレーション,  炭素オフセット,  削減目標,  グリーンテクノロジー"
カーボンシンク,背景 (事柄/事象/現象/自然/生物/社会活動/産業/物質/天候),"カーボンシンク, 気候変動, 二酸化炭素, 森林, 海洋, 植物, 大気, 地球温暖化, 炭素循環, 保全"
カーボンシンク,課題 (事柄/事象/現象/人体・生理・病気/自然/生物/生活/社会活動/組織/産業/制度),"炭素循環,  炭素排出,  温室効果ガス,  持続可能性,  再生可能エネルギー,  炭素税,  森林伐採,  水質汚染,  環境影響評価,  グリーンハウスガス"
カーボンシンク,影響 (事柄/事象/現象/自然/生物/社会活動/産業/物質/天候),"炭素排出,  持続可能性,  森林保護,  気候変動,  温室効果ガス,  再生可能エネルギー,  グリーンテクノロジー,  減少削減目標,  持続可能な開発,  環境保護"
カーボンシンク,対策 (事柄/事象/現象/自然/物質/社会活動/産業/組織/制度/生活/人造物),"地球温暖化,  CO2排出削減,  再生可能エネルギー,  持続可能性,  炭素オフセット,  森林保護,  グリーンテクノロジー,  グローバルウォーミング,  クリーンエネルギー,  パリ協定"
炭素隔離,背景 (事柄/事象/現象/自然/生物/社会活動/産業/物質/天候),"炭素, 温室効果ガス, 排出量, 化石燃料, 二酸化炭素, 森林破壊, 地球温暖化, 再生可能エネルギー, 気候変動, 持続可能"
炭素隔離,課題 (事柄/事象/現象/人体・生理・病気/自然/生物/生活/社会活動/組織/産業/制度),"二酸化炭素,  地球温暖化,  温室効果ガス,  再生可能エネルギー,  カーボンニュートラル,  持続可能性,  炭素排出量,  水素燃料,  バイオマスエネルギー,  グリーンテクノロジー"
炭素隔離,影響 (事柄/事象/現象/自然/生物/社会活動/産業/物質/天候),"炭素,  酸素,  大気,  地球温暖化,  森林,  エネルギー,  自然災害,  海洋,  持続可能性,  化石燃料"
炭素隔離,対策 (事柄/事象/現象/自然/物質/社会活動/産業/組織/制度/生活/人造物),"排出削減,  再生可能エネルギー,  キャプチャー技術,  エコロジカルフットプリント,  持続可能性,  カーボンオフセット,  低炭素経済,  グリーンテクノロジー,  森林再生,  再生可能資源"
環境正義,背景 (事柄/事象/現象/自然/生物/社会活動/産業/物質/天候),"環境,  正義,  可持性,  持続可能性,  公正,  汚染,  気候変動,  人権,  森林伐採,  再生可能エネルギー"
環境正義,課題 (事柄/事象/現象/人体・生理・病気/自然/生物/生活/社会活動/組織/産業/制度),"環境保護,  持続可能な開発,  汚染,  気候変動,  持続可能性,  再生可能エネルギー,  生態系,  廃棄物管理,  環境影響評価,  持続可能な消費"
環境正義,影響 (事柄/事象/現象/自然/生物/社会活動/産業/物質/天候),"環境,  正義,  影響,  事柄,  事象,  現象,  自然,  生物,  社会活動,  産業"
環境正義,対策 (事柄/事象/現象/自然/物質/社会活動/産業/組織/制度/生活/人造物),"事柄,  事象,  現象,  自然,  物質,  社会活動,  産業,  組織,  制度,  生活,  人造物"
気候避難民,背景 (事柄/事象/現象/自然/生物/社会活動/産業/物質/天候),"気候変動,  災害,  飢饉,  海面上昇,  人間環境,  砂漠化,  森林破壊,  食料不足,  経済危機,  農業衰退"
気候避難民,課題 (事柄/事象/現象/人体・生理・病気/自然/生物/生活/社会活動/組織/産業/制度),"気候変動,  食料不足,  飲料水,  土壌 degradtion,  災害,  公衆衛生,  農業,  都市化,  難民キャンプ,  持続可能性"
気候避難民,影響 (事柄/事象/現象/自然/生物/社会活動/産業/物質/天候),"気候変動,  災害,  水不足,  飢餓,  健康問題,  飲料水,  適応,  移民,  農業,  経済影響"
気候避難民,対策 (事柄/事象/現象/自然/物質/社会活動/産業/組織/制度/生活/人造物),"気候変動,  避難計画,  適応策,  災害リスク,  避難所,  食糧安全保障,  保険制度,  持続可能性,  国際協力,  緊急支援"
環境難民,背景 (事柄/事象/現象/自然/生物/社会活動/産業/物質/天候),"気候変動,  海面上昇,  飢餓,  災害,  砂漠化,  水不足,  食糧不安,  狭い部屋,  資源過剰,  経済不況"
環境難民,課題 (事柄/事象/現象/人体・生理・病気/自然/生物/生活/社会活動/組織/産業/制度),"破壊,  避難,  移住,  資源枯渇,  気候変動,  生活困難,  食料不足,  疾病拡大,  人権侵害,  隔離"
環境難民,影響 (事柄/事象/現象/自然/生物/社会活動/産業/物質/天候),"砂漠化,  洪水,  飢饉,  土壌劣化,  森林減少,  極端な天候,  偏在,  海面上昇,  強制移住,  経済格差"
環境難民,対策 (事柄/事象/現象/自然/物質/社会活動/産業/組織/制度/生活/人造物),"砂漠化,  洪水,  気候変動,  飢饉,  森林破壊,  海面上昇,  都市化,  飲料水不足,  人口増加,  災害リスク"
地域気候計画,背景 (事柄/事象/現象/自然/生物/社会活動/産業/物質/天候),"事象,  環境変動,  持続可能性,  災害リスク,  化石燃料,  森林破壊,  気候変動対策,  水資源管理,  地球温暖化,  持続可能な開発"
地域気候計画,課題 (事柄/事象/現象/人体・生理・病気/自然/生物/生活/社会活動/組織/産業/制度),"気候変動,  防災,  持続可能性,  環境保護,  資源管理,  農業生産性,  都市計画,  住宅建設,  インフラ整備,  地域協力"
地域気候計画,影響 (事柄/事象/現象/自然/生物/社会活動/産業/物質/天候),"地域気候計画,  影響,  事柄,  事象,  現象,  自然,  生物,  社会活動,  産業,  物質,  天候"
地域気候計画,対策 (事柄/事象/現象/自然/物質/社会活動/産業/組織/制度/生活/人造物),"地域,  気候変動,  対策,  報告書,  持続可能性,  低炭素社会,  エネルギー効率,  再生可能エネルギー,  防災,  協力"
グリーン政策,背景 (事柄/事象/現象/自然/生物/社会活動/産業/物質/天候),"環境保護,  持続可能性,  再生可能エネルギー,  地球温暖化,  生態系,  廃棄物削減,  グリーンテクノロジー,  持続可能な開発,  生物多様性,  環境規制"
グリーン政策,課題 (事柄/事象/現象/人体・生理・病気/自然/生物/生活/社会活動/組織/産業/制度),"持続可能性,  再生可能エネルギー,  気候変動,  森林破壊,  環境保護,  CO2削減,  バイオマス,  廃棄物リサイクル,  地球温暖化,  グリーンテクノロジー"
グリーン政策,影響 (事柄/事象/現象/自然/生物/社会活動/産業/物質/天候),"環境保護,  再生可能エネルギー,  持続可能性,  リサイクル,  排出削減,  グリーンテクノロジー,  持続可能な開発,  気候変動,  生物多様性,  ゼロエミッション"
グリーン政策,対策 (事柄/事象/現象/自然/物質/社会活動/産業/組織/制度/生活/人造物),"環境保護,  再生可能エネルギー,  リサイクル,  持続可能性,  炭素削減,  持続可能な開発,  生物多様性,  ゼロエミッション,  エコフレンドリー,  持続可能な交通"
グリーンインセンティブ,背景 (事柄/事象/現象/自然/生物/社会活動/産業/物質/天候),"環境保護,  再生可能エネルギー,  持続可能性,  カーボンニュートラル,  バイオマス,  グリーンテクノロジー,  エコフレンドリー,  レサイクル,  エコノミー,  エコロジカル"
グリーンインセンティブ,課題 (事柄/事象/現象/人体・生理・病気/自然/生物/生活/社会活動/組織/産業/制度),環境、持続可能性、再生可能エネルギー、廃棄物削減、省エネルギー、バイオディーゼル、廃棄物リサイクル、カーボンオフセット、エコロジカルフットプリント、環境税
グリーンインセンティブ,影響 (事柄/事象/現象/自然/生物/社会活動/産業/物質/天候),"事柄,  事象,  現象,  自然,  生物,  社会活動,  産業,  物質,  天候, エコロジカル,  可持性,  グリーンテクノロジー,  再生可能エネルギー,  環境配慮型,  ライフサイクルアセスメント,  サステナビリティ,  環境負荷,  気候変動,  再利用"
グリーンインセンティブ,対策 (事柄/事象/現象/自然/物質/社会活動/産業/組織/制度/生活/人造物),"エコロジー,  再生可能エネルギー,  バイオディーゼル,  ソーラーパネル,  グリーンビルディング,  カーボンオフセット,  環境配慮型,  リサイクル,  クリーンテクノロジー,  持続可能性"
気候政策,背景 (事柄/事象/現象/自然/生物/社会活動/産業/物質/天候),"気候変動,  温室効果ガス,  持続可能,  カーボンフットプリント,  再生可能エネルギー,  森林保護,  適応能力,  持続可能な開発,  経済効果,  緑の成長"
気候政策,課題 (事柄/事象/現象/人体・生理・病気/自然/生物/生活/社会活動/組織/産業/制度),"気候変動,  温室効果ガス,  持続可能性,  再生可能エネルギー,  森林破壊,  海洋酸性化,  化石燃料,  経済成長,  食糧安全保障,  社会的包摂"
気候政策,影響 (事柄/事象/現象/自然/生物/社会活動/産業/物質/天候),"気温,  二酸化炭素,  森林減少,  化石燃料,  海氷減少,  水不足,  水位上昇,  持続可能性,  再生可能エネルギー,  持続可能な開発"
気候政策,対策 (事柄/事象/現象/自然/物質/社会活動/産業/組織/制度/生活/人造物),"気候変動,  温室効果ガス,  再生可能エネルギー,  持続可能性,  カーボンニュートラル,  パリ協定,  森林保護,  削減目標,  環境技術,  地球温暖化"
都市政策,背景 (事柄/事象/現象/自然/生物/社会活動/産業/物質/天候),"都市計画,  人口増加,  資源利用,  環境保護,  交通インフラ,  経済発展,  土地利用,  持続可能性,  公共施設,  災害対策"
都市政策,課題 (事柄/事象/現象/人体・生理・病気/自然/生物/生活/社会活動/組織/産業/制度),"都市計画,  交通渋滞,  環境汚染,  住宅問題,  資源供給,  地域格差,  公共施設,  防災対策,  土地利用,  経済発展"
都市政策,影響 (事柄/事象/現象/自然/生物/社会活動/産業/物質/天候),"事柄,  事象,  現象,  自然,  生物,  社会活動,  産業,  物質,  天候  "
都市政策,対策 (事柄/事象/現象/自然/物質/社会活動/産業/組織/制度/生活/人造物),"事業,  再開発,  交通,  環境,  住宅,  規制,  地域,  都市計画,  商業,  観光"
脱ガソリン,背景 (事柄/事象/現象/自然/生物/社会活動/産業/物質/天候),"石油,  燃料,  環境,  温室効果ガス,  モーター,  航空機,  自動車,  電気自動車,  再生可能エネルギー,  石油精製"
脱ガソリン,課題 (事柄/事象/現象/人体・生理・病気/自然/生物/生活/社会活動/組織/産業/制度),"燃料,  省エネ,  再生可能エネルギー,  電気自動車,  カーボンニュートラル,  バイオ燃料,  炭素排出,  エコモビリティ,  車両規制,  非公開化"
脱ガソリン,影響 (事柄/事象/現象/自然/生物/社会活動/産業/物質/天候),"脱炭素,  再生可能エネルギー,  カーボンニュートラル,  持続可能性,  電気自動車,  クリーンエネルギー,  グリーンテクノロジー,  気候変動,  環境保護,  資源循環"
脱ガソリン,対策 (事柄/事象/現象/自然/物質/社会活動/産業/組織/制度/生活/人造物),"エネルギー効率,  再生可能エネルギー,  電気自動車,  ハイブリッド車,  輸送効率,  公共交通機関,  カーポーシェアリング,  自転車,  歩行者優先,  エコドライブ"
脱ディーゼル,背景 (事柄/事象/現象/自然/生物/社会活動/産業/物質/天候),"排出ガス,  環境破壊,  温室効果ガス,  粒子状物質,  持続可能性,  エネルギー効率,  公害問題,  オゾン層,  電動化,  再生可能エネルギー"
脱ディーゼル,課題 (事柄/事象/現象/人体・生理・病気/自然/生物/生活/社会活動/組織/産業/制度),環境、排出ガス、再生可能エネルギー、大気汚染、脱炭素、燃料電池、非常時、省エネ、電動化、持続可能
脱ディーゼル,影響 (事柄/事象/現象/自然/生物/社会活動/産業/物質/天候),"脱ディーゼル,  環境,  温室効果ガス,  持続可能性,  再生可能エネルギー,  大気汚染,  車両規制,  電気自動車,  炭素排出,  燃料規制"
脱ディーゼル,対策 (事柄/事象/現象/自然/物質/社会活動/産業/組織/制度/生活/人造物),"代替燃料,  電気自動車,  再生可能エネルギー,  ハイブリッド車,  軽油車,  太陽光発電,  自転車,  非化石燃料,  電動バス,  省エネルギー"
気候関連災害,背景 (事柄/事象/現象/自然/生物/社会活動/産業/物質/天候),"自然,  気象,  災害,  地球温暖化,  洪水,  過去気候変動,  異常気象,  モンスーン,  土砂災害,  森林破壊"
気候関連災害,課題 (事柄/事象/現象/人体・生理・病気/自然/生物/生活/社会活動/組織/産業/制度),"気候変動,  洪水,  干ばつ,  地球温暖化,  塩害,  土砂災害,  降雪,  熱中症,  農作物被害,  海面上昇"
気候関連災害,影響 (事柄/事象/現象/自然/生物/社会活動/産業/物質/天候),"気候変動,  洪水,  干ばつ,  地震,  風災,  熱波,  塩害,  雹,  雪崩,  土砂崩れ"
気候関連災害,対策 (事柄/事象/現象/自然/物質/社会活動/産業/組織/制度/生活/人造物),"気候変動,  防災,  適応,  緊急事態,  持続可能性,  再生可能エネルギー,  停電,  避難計画,  予防措置,  災害復旧"
再エネ導入促進,背景 (事柄/事象/現象/自然/生物/社会活動/産業/物質/天候),"再エネ導入促進の背景に関係する語彙:, 再生可能エネルギー,  持続可能性,  温室効果ガス,  温暖化,  省エネ,  グリーンテクノロジー,  地球温暖化,  カーボンニュートラル,  再生可能資源,  クリーンエネルギー"
再エネ導入促進,課題 (事柄/事象/現象/人体・生理・病気/自然/生物/生活/社会活動/組織/産業/制度),"再エネ導入,  促進,  課題,  挑戦,  技術革新,  政策支援,  資金調達,  供給安定,  経済効果,  地域社会"
再エネ導入促進,影響 (事柄/事象/現象/自然/生物/社会活動/産業/物質/天候),"再エネ導入促進の影響, 風力発電,  太陽光発電,  地球温暖化,  持続可能性,  需要削減,  グリーンエネルギー,  環境保護,  カーボンニュートラル,  エコロジカル,  イノベーション"
再エネ導入促進,対策 (事柄/事象/現象/自然/物質/社会活動/産業/組織/制度/生活/人造物),"再エネ導入, 促進, 対策, 事業, 政策, 省エネ, 再生可能エネルギー, 環境保護, 地球温暖化, 持続可能"
地域エネルギー,背景 (事柄/事象/現象/自然/生物/社会活動/産業/物質/天候),"自然, 再生可能エネルギー, バイオマス, 風力, 太陽光, 地熱, 水力, 地域開発, 省エネルギー, 地域社会"
地域エネルギー,課題 (事柄/事象/現象/人体・生理・病気/自然/生物/生活/社会活動/組織/産業/制度),"地域,  エネルギー,  課題,  環境,  再生可能エネルギー,  排出量削減,  可再生エネルギー,  インフラ整備,  低炭素社会,  グリーンエネルギー"
地域エネルギー,影響 (事柄/事象/現象/自然/生物/社会活動/産業/物質/天候),"地域エネルギー,  影響,  事柄,  事象,  現象,  自然,  生物,  社会活動,  産業,  物質,  天候"
地域エネルギー,対策 (事柄/事象/現象/自然/物質/社会活動/産業/組織/制度/生活/人造物),"地域エネルギー関連語彙  , 再生可能エネルギー,  太陽光発電,  風力発電,  バイオマス,  グリッド接続,  持続可能性,  エネルギー自給率,  エネルギーマネジメント,  省エネルギー,  エネルギーコミュニティ"
自然エネルギー,背景 (事柄/事象/現象/自然/生物/社会活動/産業/物質/天候),"風力,  太陽光,  水力,  地熱,  バイオマス,  海洋エネルギー,  再生可能エネルギー,  グリッド接続,  エネルギー効率,  環境保護"
自然エネルギー,課題 (事柄/事象/現象/人体・生理・病気/自然/生物/生活/社会活動/組織/産業/制度),"再生可能エネルギー,  太陽光発電,  風力発電,  水力発電,  バイオマス,  地熱,  グリッド接続,  貯蔵技術,  エネルギー効率,  持続可能"
自然エネルギー,影響 (事柄/事象/現象/自然/生物/社会活動/産業/物質/天候),"自然,  環境,  再生可能,  風力,  太陽光,  温室効果ガス,  水力,  バイオマス,  原子力,  地熱"
自然エネルギー,対策 (事柄/事象/現象/自然/物質/社会活動/産業/組織/制度/生活/人造物),"再生可能エネルギー,  ソーラーパネル,  風力発電,  バイオマス,  水力発電,  ジオサーマル,  原子力,  エネルギー効率,  グリーンエネルギー,  ゼロエミッション"
エコ交通,背景 (事柄/事象/現象/自然/生物/社会活動/産業/物質/天候),"環境,  温室効果ガス,  再生可能エネルギー,  エコロジー,  環境保護,  持続可能性,  削減,  資源,  循環,  道路整備"
エコ交通,課題 (事柄/事象/現象/人体・生理・病気/自然/生物/生活/社会活動/組織/産業/制度),"燃料,  輸送,  渋滞,  エネルギー効率,  車両規制,  自転車レーン,  CO2排出,  バス優先車両,  鉄道輸送,  再生可能エネルギー"
エコ交通,影響 (事柄/事象/現象/自然/生物/社会活動/産業/物質/天候),"環境保護,  グリーンエネルギー,  温室効果ガス,  リサイクル,  CO2削減,  公共交通機関,  自転車,  歩行者,  カープール,  エネルギー効率"
エコ交通,対策 (事柄/事象/現象/自然/物質/社会活動/産業/組織/制度/生活/人造物),"省エネ,  リサイクル,  公共交通機関,  電動車,  カープール,  グリーンエネルギー,  CO2削減,  自転車専用レーン,  環境配慮,  オートバイシェア"
環境意識,背景 (事柄/事象/現象/自然/生物/社会活動/産業/物質/天候),"自然,  持続可能性,  再生可能エネルギー,  リサイクル,  森林破壊,  気候変動,  炭素排出,  資源枯渇,  環境保護,  循環経済"
環境意識,課題 (事柄/事象/現象/人体・生理・病気/自然/生物/生活/社会活動/組織/産業/制度),"環境保護,  再生可能エネルギー,  持続可能性,  廃棄物削減,  気候変動,  持続可能な開発,  カーボンフットプリント,  持続可能な消費,  環境汚染,  グリーンテクノロジー"
環境意識,影響 (事柄/事象/現象/自然/生物/社会活動/産業/物質/天候),"事柄,  事象,  現象,  自然,  生物,  社会活動,  産業,  物質,  天候  "
環境意識,対策 (事柄/事象/現象/自然/物質/社会活動/産業/組織/制度/生活/人造物),"環境保護,  再生可能エネルギー,  リサイクル,  持続可能性,  森林伐採,  環境汚染,  CO2削減,  自然資源保護,  環境規制,  地球温暖化"
環境イノベーション,背景 (事柄/事象/現象/自然/生物/社会活動/産業/物質/天候),"環境, 技術革新, 持続可能性, エネルギー, リサイクル, 汚染, 気候変動, 再生可能エネルギー, バイオマス, 廃棄物"
環境イノベーション,課題 (事柄/事象/現象/人体・生理・病気/自然/生物/生活/社会活動/組織/産業/制度),"技術革新,  可持廃棄物,  再生可能エネルギー,  持続可能性,  環境規制,  グリーンテクノロジー,  サステナビリティ,  カーボンフットプリント,  リサイクル,  クリーンエネルギー"
環境イノベーション,影響 (事柄/事象/現象/自然/生物/社会活動/産業/物質/天候),"環境保護,  再生可能エネルギー,  持続可能性,  グリーンテクノロジー,  削減,  リサイクル,  カーボンフットプリント,  汚染,  持続可能な開発,  気候変動"
環境イノベーション,対策 (事柄/事象/現象/自然/物質/社会活動/産業/組織/制度/生活/人造物),"環境保全,  再生可能エネルギー,  リサイクル,  CO2削減,  持続可能性,  電動車,  グリーンテクノロジー,  生態系,  環境規制,  グリーンビルディング"
気候研究,背景 (事柄/事象/現象/自然/生物/社会活動/産業/物質/天候),気候、温暖化、気候変動、環境、持続可能、温室効果、排出量、循環、気候システム、影響
気候研究,課題 (事柄/事象/現象/人体・生理・病気/自然/生物/生活/社会活動/組織/産業/制度),"気候変動,  温暖化,  断続的降雨,  グリーンハウスガス,  森林伐採,  海面上昇,  適応策,  環境影響評価,  持続可能性,  カーボンフットプリント"
気候研究,影響 (事柄/事象/現象/自然/生物/社会活動/産業/物質/天候),"気候変動,  温室効果ガス,  海面上昇,  気温上昇,  降水量変化,  極端気象,  生態系変化,  農作物収量,  エネルギー需要,  環境保護"
気候研究,対策 (事柄/事象/現象/自然/物質/社会活動/産業/組織/制度/生活/人造物),"気候変動,  温室効果ガス,  再生可能エネルギー,  持続可能性,  森林保護,  海洋汚染,  防災対策,  持続可能な開発,  カーボンニュートラル,  グリーンテクノロジー"
自然保護,背景 (事柄/事象/現象/自然/生物/社会活動/産業/物質/天候),"自然,  保護,  環境,  生態系,  持続可能性,  温室効果ガス,   森林,  多様性,  地球温暖化,  生物多様性"
自然保護,課題 (事柄/事象/現象/人体・生理・病気/自然/生物/生活/社会活動/組織/産業/制度),環境、温暖化、生態系、バイオダイバーシティ、持続可能性、廃棄物、再生可能エネルギー、過剰開発、絶滅危惧種、生物多様性
自然保護,影響 (事柄/事象/現象/自然/生物/社会活動/産業/物質/天候),"自然,  生態系,  森林,  絶滅,  生物多様性,  気候変動,  環境破壊,  鳥類,  汚染,  持続可能"
自然保護,対策 (事柄/事象/現象/自然/物質/社会活動/産業/組織/制度/生活/人造物),"保護,  環境,  持続可能性,  生態系,  森林,  地球温暖化,  動物保護,  再生可能エネルギー,  海洋汚染,  持続可能"
グリーン雇用,背景 (事柄/事象/現象/自然/生物/社会活動/産業/物質/天候),"環境保護,  再生可能エネルギー,  持続可能性,  温室効果ガス,  エコロジカルフットプリント,  再利用,  グリーンテクノロジー,  持続可能な開発,  カーボンニュートラル,  生態系保全"
グリーン雇用,課題 (事柄/事象/現象/人体・生理・病気/自然/生物/生活/社会活動/組織/産業/制度),"再生可能エネルギー,  エコフレンドリー,  カーボンニュートラル,  リサイクル,  持続可能性,  省エネ,  バイオディーゼル,  環境保護,  ローカルフード,  グリーンテクノロジー"
グリーン雇用,影響 (事柄/事象/現象/自然/生物/社会活動/産業/物質/天候),"環境,  再生可能エネルギー,  持続可能,  資源,  削減,  リサイクル,  カーボンフットプリント,  気候変動,  環境保護,  エコロジカル"
グリーン雇用,対策 (事柄/事象/現象/自然/物質/社会活動/産業/組織/制度/生活/人造物),"環境保護,  再生可能エネルギー,  グリーンテクノロジー,  リサイクル,  持続可能性,  エコフレンドリー,  CO2削減,  グリーンビジネス,  カーボンニュートラル,  インセンティブ"
低炭素技術,背景 (事柄/事象/現象/自然/生物/社会活動/産業/物質/天候),"環境保護技術,  グリーンエネルギー,  カーボンニュートラル,  再生可能エネルギー,  エネルギー効率,  持続可能性,  二酸化炭素排出,  リサイクル,  持続可能な開発,  環境配慮"
低炭素技術,課題 (事柄/事象/現象/人体・生理・病気/自然/生物/生活/社会活動/組織/産業/制度),"技術,  グリーンエネルギー,  再生可能エネルギー,  カーボンニュートラル,  グリーンテクノロジー,  エネルギー効率,  脱炭素化,  再利用,  エコイノミー,  持続可能"
低炭素技術,影響 (事柄/事象/現象/自然/生物/社会活動/産業/物質/天候),"低炭素技術, エネルギー効率, 再生可能エネルギー, 温室効果ガス, 気候変動, 持続可能性, 省エネ, 排出削減, 循環型社会, 二酸化炭素"
低炭素技術,対策 (事柄/事象/現象/自然/物質/社会活動/産業/組織/制度/生活/人造物),"省エネ,  再生可能エネルギー,  カーボンオフセット,  グリーンテクノロジー,  ゼロエミッション,  バイオマス,  ソーラーパネル,  ウィンドファーム,  キャップアンドトレード,  エコロジカルデザイン"
クライメートテック,背景 (事柄/事象/現象/自然/生物/社会活動/産業/物質/天候),"気候変動,  グリーンエネルギー,  持続可能性,  パリ協定,  再生可能エネルギー,  カーボンニュートラル,  持続可能な開発目標,  環境負荷,  森林保護,  海洋保護"
クライメートテック,課題 (事柄/事象/現象/人体・生理・病気/自然/生物/生活/社会活動/組織/産業/制度),"気候変動,  再生可能エネルギー,  カーボンニュートラル,  持続可能性,  環境保護,  グリーンテクノロジー,  温室効果ガス,  持続可能な開発,  リサイクル,  エコフレンドリー"
クライメートテック,影響 (事柄/事象/現象/自然/生物/社会活動/産業/物質/天候),"気候変動,  温室効果ガス,  持続可能性,  再生可能エネルギー,  森林破壊,  海面上昇,  水資源管理,  経済影響,  災害リスク,  炭素排出"
クライメートテック,対策 (事柄/事象/現象/自然/物質/社会活動/産業/組織/制度/生活/人造物),"気候変動,  再生可能エネルギー,  気候変動適応,  持続可能性,  グリーンテクノロジー,  カーボンオフセット,  バイオ多様性,  リサイクル,  ゼロエミッション,  持続可能な開発"
地球保全,背景 (事柄/事象/現象/自然/生物/社会活動/産業/物質/天候),"地球温暖化,  持続可能性,  生態系,  枯渇,  再生可能エネルギー,  森林破壊,  水資源,  プラスチック廃棄物,  大気汚染,  絶滅危惧種"
地球保全,課題 (事柄/事象/現象/人体・生理・病気/自然/生物/生活/社会活動/組織/産業/制度),"環境保護,  持続可能性,  気候変動,  廃棄物問題,  生物多様性,  再生可能エネルギー,  持続可能な開発,  森林破壊,  海洋汚染,  環境汚染"
地球保全,影響 (事柄/事象/現象/自然/生物/社会活動/産業/物質/天候),"地球温暖化,  気候変動,  環境破壊,  生物多様性,  再生可能エネルギー,  持続可能性,  海洋汚染,  森林伐採,  大気汚染,  持続可能な開発"
地球保全,対策 (事柄/事象/現象/自然/物質/社会活動/産業/組織/制度/生活/人造物),"環境保護,  再生可能エネルギー,  リサイクル,  持続可能性,  森林保護,  水資源管理,  バイオディバーシティ,  協力,  イノベーション,  教育"
環境配慮型社会,背景 (事柄/事象/現象/自然/生物/社会活動/産業/物質/天候),"自然,  リサイクル,  持続可能性,  再生可能エネルギー,  グリーンテクノロジー,  CO2排出削減,  カーボンフットプリント,  環境規制,  環境保護,  資源有効利用"
環境配慮型社会,課題 (事柄/事象/現象/人体・生理・病気/自然/生物/生活/社会活動/組織/産業/制度),"環境,  持続可能性,  再生可能エネルギー,  廃棄物,  汚染,  グリーンテクノロジー,  持続可能な開発,  バイオディバーシティ,  カーボンフットプリント,  循環型経済"
環境配慮型社会,影響 (事柄/事象/現象/自然/生物/社会活動/産業/物質/天候),"環境保護,  再生可能エネルギー,  リサイクル,  持続可能性,  森林破壊,  気候変動,  生態系,  大気汚染,  持続可能な開発,  廃棄物管理"
環境配慮型社会,対策 (事柄/事象/現象/自然/物質/社会活動/産業/組織/制度/生活/人造物),"環境保護,  再生可能エネルギー,  リサイクル,  持続可能性,  グリーンテクノロジー,  地球温暖化,  CO2排出削減,  持続可能な開発,  バイオディーゼル,  エコフレンドリー"
災害対策,背景 (事柄/事象/現象/自然/生物/社会活動/産業/物質/天候),"事象, 地震, 洪水, 風水害, 地滑り, 火山噴火, 台風, 豪雨, 土砂災害, 暴風雨, 津波"
災害対策,課題 (事柄/事象/現象/人体・生理・病気/自然/生物/生活/社会活動/組織/産業/制度),"事象,  リスク評価,  防災計画,  避難訓練,  復旧作業,  避難所,  食料備蓄,  災害レジリエンス,  防災意識,  緊急避難"
災害対策,影響 (事柄/事象/現象/自然/生物/社会活動/産業/物質/天候),"事柄,  事象,  現象,  自然,  生物,  社会活動,  産業,  物質,  天候  "
災害対策,対策 (事柄/事象/現象/自然/物質/社会活動/産業/組織/制度/生活/人造物),"防災,  避難,  防災訓練,  防災グッズ,  避難経路,  避難所,  防災情報,  避難警報,  防災施設,  避難計画"
自然との共生,背景 (事柄/事象/現象/自然/生物/社会活動/産業/物質/天候),"自然,  生物,  環境,  生態系,  資源,  持続可能,  相互作用,  多様性,  森林,  循環"
自然との共生,課題 (事柄/事象/現象/人体・生理・病気/自然/生物/生活/社会活動/組織/産業/制度),"環境,  持続可能性,  森林,  温室効果ガス,  創造的リサイクル,  生態系,  多様性,  エネルギー効率,  水資源,  地球温暖化"
自然との共生,影響 (事柄/事象/現象/自然/生物/社会活動/産業/物質/天候),"事柄,  事象,  現象,  自然,  生物,  社会活動,  産業,  物質,  天候,  影響"
自然との共生,対策 (事柄/事象/現象/自然/物質/社会活動/産業/組織/制度/生活/人造物),"生態系,  再生可能エネルギー,  地球温暖化,  生物多様性,  持続可能性,  環境保護,  グリーンテクノロジー,  森林保護,  リサイクル,  カーボンフットプリント"
脱成長,背景 (事柄/事象/現象/自然/生物/社会活動/産業/物質/天候),"成長,  衰退,  変化,  開発,  投資,  需要,  消費,  技術,  経済政策,  環境"
脱成長,課題 (事柄/事象/現象/人体・生理・病気/自然/生物/生活/社会活動/組織/産業/制度),停滞、孤立、不安、抑うつ、適応、対人関係、自己肯定感、学業負担、社会的要求、将来不安
脱成長,影響 (事柄/事象/現象/自然/生物/社会活動/産業/物質/天候),"自然,  経済,  環境,  産業,  エネルギー,  資源,  社会,  技術,  テクノロジー,  持続可能"
脱成長,対策 (事柄/事象/現象/自然/物質/社会活動/産業/組織/制度/生活/人造物),"成長停滞,  人口減少,  技術革新,  労働力不足,  投資不足,  経済低迷,  教育改革,  環境保護,  福祉拡充,  規制緩和"